Ride_ID,Date,Time,City,Driver_ID,Ride_Type,Distance_km,Duration_min,Fare_INR,Payment_Mode,Ride_Status,Rating
O10001,13-06-2026,03:01,Hyderabad,D1076,Prime,7.9,31,229.37,Wallet,Completed,4.1
O10002,09-01-2026,00:05,Bengaluru,D1054,Prime,15.9,9,405.49,UPI,Completed,4.4
O10003,25-04-2026,18:17,Jaipur,D1014,Prime,21.4,51,484.65,Cash,Completed,4.5
O10004,08-04-2026,03:22,Pune,D1049,Sedan,9,9,331.08,Cash,Completed,4.9
O10005,22-05-2026,09:53,Pune,D1011,Sedan,7,10,243.21,UPI,Completed,3.6
O10006,26-01-2026,12:17,Kolkata,D1083,Auto,6.1,19,95.67,Cash,Completed,4.9
O10007,05-06-2026,20:10,Bengaluru,D1088,Prime,14.7,25,413.87,Card,Completed,4.1
O10008,15-01-2026,07:52,Jaipur,D1092,Auto,12.9,12,163.77,Card,Cancelled,
O10009,24-02-2026,20:31,Chennai,D1075,Bike,5.6,10,72.06,Wallet,Completed,3.5
O10010,30-05-2026,12:23,Bengaluru,D1021,Prime,16,13,420.9,Wallet,Completed,3.3
O10011,02-06-2026,02:24,Chennai,D1088,Sedan,29.9,75,715.6,Cash,Completed,4.9
O10012,24-06-2026,17:48,Hyderabad,D1093,Auto,4.7,14,78.07,Card,Completed,4.4
O10013,09-05-2026,05:32,Delhi,D1070,Auto,25.5,72,317.63,Cash,Completed,4.5
O10014,03-06-2026,10:31,Jaipur,D1011,Mini,28,111,397.53,Cash,Completed,4.8
O10015,05-05-2026,02:48,Mumbai,D1028,Prime,20.3,78,456.96,UPI,Completed,4.2
O10016,21-03-2026,12:42,Pune,D1076,Bike,27.1,65,235.27,UPI,Completed,3.7
O10017,31-05-2026,07:00,Delhi,D1086,Mini,8,9,196.17,Wallet,Completed,3.5
O10018,24-02-2026,17:08,Kolkata,D1055,Prime,23.9,60,523.53,Wallet,Completed,3.9
O10019,30-04-2026,23:03,Delhi,D1069,Mini,13,29,252.04,Wallet,Completed,3.4
O10020,05-02-2026,13:11,Hyderabad,D1007,Bike,8.6,10,109.82,Cash,Completed,4.1
O10021,24-01-2026,07:10,Chennai,D1050,Bike,15.2,33,194.77,Card,Completed,3
O10022,27-04-2026,09:27,Kolkata,D1096,Prime,6.9,14,272.01,Card,Completed,4.1
O10023,15-01-2026,01:37,Kolkata,D1011,Sedan,27.7,75,665.02,UPI,Cancelled,
O10024,18-01-2026,19:04,Bengaluru,D1054,Bike,4.9,17,66.44,Card,Completed,4.2
O10025,08-03-2026,06:42,Pune,D1097,Prime,9.1,12,290.82,Cash,Completed,3.6
O10026,03-01-2026,14:39,Delhi,D1009,Mini,16.8,40,260.16,UPI,Cancelled,
O10027,05-04-2026,09:10,Kolkata,D1086,Sedan,21.6,86,600.87,Card,Completed,4.1
O10028,19-06-2026,03:56,Mumbai,D1027,Auto,4.8,9,119.97,Card,Completed,3.6
O10029,22-02-2026,21:40,Hyderabad,D1001,Sedan,15.4,11,414.46,Card,Completed,3.6
O10030,03-02-2026,20:16,Mumbai,D1089,Bike,17.2,35,186.86,UPI,Completed,4.9
O10031,20-05-2026,01:53,Pune,D1006,Sedan,17.2,35,452.92,Card,Completed,4.8
O10032,23-02-2026,21:15,Delhi,D1031,Auto,23.7,60,325.17,UPI,Completed,4.9
O10033,15-02-2026,13:01,Mumbai,D1035,Auto,23.8,60,314.16,UPI,Completed,4.6
O10034,29-06-2026,03:24,Jaipur,D1029,Bike,7.8,22,96.88,Cash,Completed,4.7
O10035,18-06-2026,06:25,Pune,D1069,Auto,26.1,43,305.58,Card,Completed,4.4
O10036,08-01-2026,03:56,Hyderabad,D1041,Prime,18,41,406.68,Wallet,Completed,3.7
O10037,05-06-2026,16:07,Chennai,D1069,Sedan,6.9,9,287.61,UPI,Completed,4.9
O10038,04-04-2026,13:04,Pune,D1053,Sedan,10.4,15,358.38,Card,Completed,3.6
O10039,14-04-2026,22:18,Mumbai,D1079,Prime,13.5,32,370.41,Card,Cancelled,
O10040,14-04-2026,17:53,Jaipur,D1057,Auto,9.7,21,172,Wallet,Completed,3.6
O10041,22-06-2026,06:32,Kolkata,D1097,Prime,20.3,44,481.48,UPI,Completed,3.7
O10042,22-06-2026,09:14,Bengaluru,D1059,Prime,2.2,8,188.48,Wallet,Completed,4.5
O10043,11-06-2026,18:12,Chennai,D1099,Bike,12.9,17,159.12,Cash,Completed,4.5
O10044,19-04-2026,07:11,Kolkata,D1086,Mini,17.4,66,308.18,Card,Completed,4.6
O10045,24-04-2026,19:52,Chennai,D1032,Sedan,14.2,18,436.06,Card,Completed,3.5
O10046,14-05-2026,15:40,Bengaluru,D1070,Auto,14,53,180,Cash,Completed,3.6
O10047,05-02-2026,04:14,Chennai,D1008,Prime,21.6,16,497.84,UPI,Completed,3.9
O10048,18-04-2026,12:57,Jaipur,D1054,Sedan,12.3,8,411.99,UPI,Completed,3.8
O10049,05-05-2026,07:17,Chennai,D1060,Bike,2.3,9,75.22,UPI,Completed,4.4
O10050,09-06-2026,17:01,Chennai,D1024,Sedan,17.6,9,457.88,Cash,Completed,4.7
O10051,08-03-2026,12:20,Bengaluru,D1054,Bike,10.8,32,115.88,Card,Cancelled,
O10052,21-01-2026,15:01,Jaipur,D1032,Auto,7.9,10,153.69,UPI,Completed,4.5
O10053,06-01-2026,19:09,Bengaluru,D1099,Prime,15,15,389.48,Card,Completed,4.4
O10054,12-02-2026,19:38,Delhi,D1074,Prime,29,21,642.51,Wallet,Cancelled,
O10055,12-04-2026,22:12,Delhi,D1077,Sedan,21.2,39,531.13,Cash,Completed,4.7
O10056,25-05-2026,01:22,Chennai,D1014,Auto,3.5,13,78.89,Wallet,Completed,4.6
O10057,03-04-2026,20:57,Kolkata,D1069,Prime,13.9,54,366.72,Wallet,Completed,4.2
O10058,30-04-2026,13:52,Hyderabad,D1073,Auto,25.8,19,297.52,Wallet,Completed,4.5
O10059,28-03-2026,00:31,Pune,D1090,Prime,15.4,30,413.05,Card,Completed,4.8
O10060,23-05-2026,00:33,Bengaluru,D1083,Mini,8.4,21,175,Wallet,Completed,4.4
O10061,25-04-2026,00:05,Hyderabad,D1068,Prime,13,23,335.43,Card,Completed,3.9
O10062,19-04-2026,23:35,Pune,D1041,Auto,21.5,42,256.46,Cash,Completed,4.4
O10063,18-05-2026,22:11,Bengaluru,D1068,Prime,22.6,43,537.52,Card,Cancelled,
O10064,26-01-2026,06:18,Bengaluru,D1007,Auto,6.6,8,135.56,Card,Completed,3.1
O10065,28-06-2026,04:40,Kolkata,D1007,Mini,26.4,81,376.7,Card,Completed,3.7
O10066,03-05-2026,03:52,Delhi,D1073,Bike,15.5,44,178.06,Card,Completed,3.3
O10067,22-01-2026,07:07,Chennai,D1039,Sedan,18.5,36,524.3,Wallet,Completed,4.8
O10068,20-03-2026,18:39,Jaipur,D1085,Sedan,28.9,20,744.33,Cash,Completed,3.4
O10069,10-02-2026,07:11,Delhi,D1037,Prime,1.6,9,157.06,Card,Completed,3.1
O10070,29-06-2026,14:04,Bengaluru,D1015,Auto,24,88,301.29,UPI,Completed,3.4
O10071,15-06-2026,04:58,Hyderabad,D1037,Prime,3.5,9,198.48,Wallet,Completed,4.6
O10072,01-02-2026,14:44,Hyderabad,D1056,Bike,28.4,72,275,Card,Completed,4.2
O10073,04-06-2026,08:01,Delhi,D1098,Prime,28.9,115,660.44,Card,Completed,3
O10074,28-05-2026,01:48,Mumbai,D1082,Bike,16.3,36,204.53,Wallet,Completed,4.2
O10075,24-01-2026,15:22,Chennai,D1037,Auto,10.7,14,187.04,Wallet,Completed,4.4
O10076,21-05-2026,01:29,Delhi,D1001,Auto,8.7,11,174.91,Wallet,Completed,4
O10077,16-04-2026,01:12,Pune,D1017,Sedan,23.1,88,592.94,Card,Completed,3.5
O10078,23-04-2026,22:31,Delhi,D1002,Mini,29.2,85,446.35,Wallet,Completed,3.6
O10079,24-01-2026,07:53,Delhi,D1066,Bike,28.5,90,296.25,Card,Completed,4.4
O10080,17-04-2026,15:30,Bengaluru,D1018,Bike,17.2,32,160.94,Cash,Completed,4.5
O10081,12-03-2026,13:21,Hyderabad,D1020,Mini,9.6,17,213.82,Wallet,Completed,4.3
O10082,18-05-2026,15:22,Pune,D1090,Sedan,23.2,56,595.87,UPI,Completed,3.4
O10083,27-05-2026,12:14,Chennai,D1085,Mini,10.6,38,216.57,UPI,Completed,3.8
O10084,07-05-2026,01:08,Pune,D1002,Mini,26.4,64,363.78,UPI,Cancelled,
O10085,15-04-2026,20:09,Delhi,D1043,Bike,23.8,41,224.1,Wallet,Completed,4.3
O10086,23-03-2026,20:45,Kolkata,D1030,Sedan,2.5,8,166.43,Cash,Completed,3.6
O10087,22-04-2026,03:48,Delhi,D1038,Bike,6.2,17,122.84,Card,Completed,4.6
O10088,06-04-2026,13:09,Bengaluru,D1049,Sedan,13.2,51,419.48,UPI,Completed,3.2
O10089,08-05-2026,18:09,Bengaluru,D1037,Bike,19.7,66,185.47,UPI,Completed,4.6
O10090,19-01-2026,14:22,Hyderabad,D1062,Bike,21.2,66,238.77,Cash,Completed,3.8
O10091,02-03-2026,12:36,Pune,D1002,Sedan,9.9,26,299.54,Cash,Completed,3.8
O10092,05-06-2026,23:31,Hyderabad,D1097,Prime,18.8,53,433.73,UPI,Completed,3.5
O10093,10-06-2026,03:57,Jaipur,D1038,Auto,24,12,300.57,Card,Completed,3.2
O10094,17-04-2026,05:12,Mumbai,D1022,Sedan,26.5,54,667.16,Card,Cancelled,
O10095,04-05-2026,09:47,Pune,D1087,Mini,14.8,12,227.45,Wallet,Cancelled,
O10096,23-05-2026,11:05,Chennai,D1075,Mini,9,11,179.84,Wallet,Completed,4.3
O10097,13-06-2026,11:06,Bengaluru,D1082,Bike,2.2,10,50.56,Wallet,Completed,4.3
O10098,29-06-2026,09:41,Chennai,D1069,Mini,5.5,8,127.31,UPI,Completed,3.2
O10099,10-04-2026,14:23,Chennai,D1079,Sedan,22.7,27,615.98,Wallet,Completed,4.7
O10100,13-03-2026,01:44,Pune,D1070,Prime,14.1,23,393.68,Card,Completed,4.4
O10101,16-01-2026,12:17,Bengaluru,D1077,Mini,28.5,113,413.83,Cash,Completed,4.3
O10102,13-01-2026,10:15,Mumbai,D1043,Sedan,7.3,25,260.5,UPI,Completed,4.7
O10103,02-06-2026,00:17,Mumbai,D1002,Prime,16.9,59,396.41,Card,Completed,3.1
O10104,02-03-2026,18:20,Jaipur,D1061,Prime,9.1,12,295.72,Wallet,Completed,4.5
O10105,03-04-2026,16:37,Delhi,D1067,Bike,15.9,47,140.24,Card,Completed,4.7
O10106,28-04-2026,20:01,Jaipur,D1010,Bike,25.6,62,262.83,Cash,Completed,4.8
O10107,24-03-2026,19:09,Delhi,D1077,Prime,9.3,28,288.38,Card,Completed,3.8
O10108,27-04-2026,16:38,Chennai,D1093,Mini,24.1,22,388.9,UPI,Completed,4.5
O10109,21-04-2026,14:56,Bengaluru,D1041,Bike,11.2,37,127.51,Card,Completed,3.6
O10110,06-04-2026,04:43,Kolkata,D1017,Mini,4.1,9,95.73,Cash,Completed,4.5
O10111,31-05-2026,17:35,Pune,D1007,Mini,13.2,50,264.28,Card,Completed,4.8
O10112,03-06-2026,09:22,Delhi,D1072,Sedan,16,17,465.97,Card,Completed,3.2
O10113,30-01-2026,08:36,Bengaluru,D1085,Bike,25.6,87,257.75,Card,Completed,3.1
O10114,08-01-2026,05:17,Hyderabad,D1019,Auto,11.5,19,195.89,Cash,Completed,3.8
O10115,24-01-2026,23:33,Bengaluru,D1073,Bike,13.5,29,129.02,Cash,Completed,3.6
O10116,14-01-2026,04:10,Jaipur,D1028,Mini,9.3,29,181.28,Cash,Completed,3.8
O10117,30-03-2026,13:07,Hyderabad,D1008,Sedan,15.4,50,429.59,Cash,Completed,5
O10118,22-02-2026,09:13,Mumbai,D1049,Auto,9.7,11,117.54,UPI,Completed,3.4
O10119,09-05-2026,17:53,Pune,D1041,Mini,12.8,10,224.14,Wallet,Completed,3.2
O10120,27-05-2026,12:45,Chennai,D1059,Auto,4.8,8,135.63,Card,Completed,4.9
O10121,23-01-2026,13:54,Delhi,D1044,Prime,13.9,33,366.88,UPI,Completed,3.6
O10122,27-03-2026,05:04,Delhi,D1019,Sedan,16,57,444.46,UPI,Completed,4.6
O10123,27-01-2026,04:16,Bengaluru,D1097,Prime,18.7,17,429,Wallet,Completed,4
O10124,24-06-2026,18:41,Pune,D1076,Auto,5.8,10,110.82,Cash,Completed,4.6
O10125,01-04-2026,16:04,Hyderabad,D1012,Bike,14.4,11,151.01,Wallet,Completed,4.3
O10126,29-04-2026,18:35,Jaipur,D1020,Bike,27.4,81,274.83,Cash,Completed,4
O10127,26-04-2026,03:51,Pune,D1068,Mini,15.9,19,233.54,UPI,Completed,5
O10128,04-04-2026,11:58,Hyderabad,D1043,Bike,13.1,29,162.32,Cash,Completed,4.3
O10129,26-03-2026,03:35,Chennai,D1011,Auto,8.7,29,174.51,UPI,Completed,3.3
O10130,31-03-2026,09:41,Chennai,D1017,Prime,18.5,18,434.67,Cash,Completed,4.6
O10131,15-06-2026,21:27,Pune,D1025,Mini,11.8,19,248.18,UPI,Completed,4.5
O10132,05-02-2026,04:04,Hyderabad,D1005,Mini,16,42,290.46,Card,Cancelled,
O10133,08-06-2026,04:38,Chennai,D1093,Prime,6.1,13,240.28,UPI,Completed,3.7
O10134,24-04-2026,19:18,Kolkata,D1025,Prime,16.7,27,448.19,Card,Completed,4.8
O10135,23-06-2026,18:28,Kolkata,D1026,Auto,23.7,72,293.92,UPI,Cancelled,
O10136,06-03-2026,01:41,Kolkata,D1011,Auto,17.3,14,242.8,UPI,Completed,3.2
O10137,11-03-2026,14:57,Mumbai,D1004,Bike,4.1,11,99.97,Wallet,Cancelled,
O10138,14-01-2026,12:32,Pune,D1092,Prime,12.5,13,331.24,Card,Completed,4.9
O10139,07-02-2026,04:02,Hyderabad,D1011,Bike,21.3,25,233.52,Cash,Completed,4.2
O10140,07-03-2026,06:53,Mumbai,D1039,Sedan,28.3,85,702.94,Cash,Completed,3.6
O10141,13-01-2026,07:26,Kolkata,D1031,Mini,4.7,15,138.17,UPI,Completed,4
O10142,16-03-2026,13:00,Pune,D1009,Prime,17.8,31,446.91,Cash,Completed,4.9
O10143,10-04-2026,15:02,Chennai,D1085,Auto,8.7,8,132,Cash,Completed,3.5
O10144,29-05-2026,23:48,Pune,D1060,Prime,2.8,10,187.35,Wallet,Completed,4.6
O10145,11-06-2026,05:51,Mumbai,D1006,Mini,21.9,66,305.39,Card,Completed,4.6
O10146,21-03-2026,16:25,Kolkata,D1084,Auto,2.5,10,58.38,Card,Completed,4.6
O10147,11-03-2026,03:51,Pune,D1044,Bike,26.9,103,255.98,UPI,Cancelled,
O10148,08-05-2026,22:31,Pune,D1024,Sedan,9.1,10,332.9,Card,Completed,4.2
O10149,24-03-2026,03:05,Pune,D1094,Auto,10.2,35,133.67,Card,Completed,3.9
O10150,07-06-2026,13:17,Jaipur,D1004,Mini,20.6,59,312.63,UPI,Completed,4.4
O10151,05-06-2026,21:50,Kolkata,D1073,Mini,5.1,11,155.7,Cash,Completed,3.8
O10152,04-06-2026,04:43,Kolkata,D1084,Auto,12.1,12,181.17,Card,Completed,3.8
O10153,05-03-2026,03:01,Mumbai,D1028,Bike,16.3,43,148.64,Card,Completed,4.4
O10154,27-06-2026,15:12,Delhi,D1088,Prime,25.8,65,556.49,Card,Completed,5
O10155,20-06-2026,11:45,Delhi,D1090,Sedan,17,65,461,UPI,Completed,4.4
O10156,03-04-2026,16:14,Delhi,D1048,Prime,24.1,38,569.13,Wallet,Completed,4.1
O10157,22-05-2026,04:39,Delhi,D1010,Mini,10.3,38,200.4,UPI,Completed,4.6
O10158,23-03-2026,20:04,Kolkata,D1076,Bike,20.9,52,186.18,UPI,Completed,4.1
O10159,03-02-2026,13:32,Jaipur,D1045,Mini,16.3,27,247.13,Card,Completed,4.4
O10160,21-01-2026,08:12,Hyderabad,D1075,Prime,19.3,76,433.94,UPI,Completed,4.2
O10161,13-02-2026,21:39,Pune,D1099,Sedan,2.7,8,159.69,Card,Cancelled,
O10162,16-06-2026,06:49,Chennai,D1039,Sedan,19.7,71,556.23,Wallet,Completed,4.3
O10163,04-03-2026,21:25,Hyderabad,D1044,Bike,3.6,8,49.87,UPI,Completed,3.9
O10164,22-03-2026,22:20,Pune,D1016,Bike,5.2,13,87.65,Card,Completed,3.5
O10165,26-04-2026,07:09,Delhi,D1021,Mini,9.8,32,218.09,Card,Completed,4.9
O10166,28-05-2026,23:20,Bengaluru,D1012,Prime,15.7,40,395.28,Wallet,Completed,4
O10167,10-05-2026,14:15,Bengaluru,D1087,Sedan,11.6,11,351.69,Wallet,Completed,4.7
O10168,15-03-2026,17:00,Delhi,D1052,Bike,5.3,12,103.33,Cash,Completed,3.7
O10169,26-05-2026,17:12,Pune,D1080,Sedan,9.7,20,329.3,Cash,Completed,3.6
O10170,02-02-2026,03:25,Pune,D1065,Auto,17.4,31,246.85,Cash,Completed,4
O10171,12-01-2026,01:08,Pune,D1079,Bike,16.3,17,182.84,Card,Completed,3.7
O10172,11-02-2026,12:39,Hyderabad,D1003,Sedan,11.1,40,359.26,Card,Completed,3.6
O10173,26-03-2026,21:07,Chennai,D1100,Sedan,10.3,9,347.78,UPI,Completed,4.3
O10174,14-01-2026,18:30,Mumbai,D1090,Sedan,19.4,56,498.34,Cash,Completed,3.1
O10175,18-02-2026,00:28,Pune,D1095,Bike,5.8,14,85.13,Cash,Completed,4.8
O10176,30-06-2026,04:33,Bengaluru,D1069,Sedan,10.8,38,352.78,Card,Completed,3.3
O10177,20-05-2026,11:43,Hyderabad,D1039,Sedan,15.3,23,425.53,Card,Completed,4.9
O10178,30-06-2026,06:44,Kolkata,D1016,Auto,15.2,43,237.36,Wallet,Completed,3.5
O10179,12-04-2026,11:49,Mumbai,D1084,Auto,2.7,10,52.53,Card,Cancelled,
O10180,03-05-2026,06:12,Hyderabad,D1007,Sedan,21.3,25,533.65,UPI,Completed,3.5
O10181,13-06-2026,07:03,Delhi,D1071,Bike,10.9,38,104.24,UPI,Completed,3
O10182,15-04-2026,20:59,Kolkata,D1012,Bike,20,44,192.48,UPI,Completed,4.8
O10183,17-05-2026,23:46,Jaipur,D1064,Prime,13.4,19,386.57,UPI,Completed,4.7
O10184,16-03-2026,01:00,Hyderabad,D1070,Sedan,18.7,50,493.92,Wallet,Cancelled,
O10185,04-02-2026,16:29,Hyderabad,D1024,Prime,24.6,50,534.17,Cash,Completed,3.5
O10186,28-03-2026,09:36,Bengaluru,D1086,Prime,18.9,59,478.09,Cash,Completed,3.2
O10187,17-02-2026,04:30,Pune,D1039,Prime,1.7,9,127.09,Cash,Completed,4.9
O10188,08-03-2026,20:23,Bengaluru,D1091,Mini,20.5,67,307.48,Card,Completed,4
O10189,26-06-2026,03:40,Hyderabad,D1078,Auto,19,36,277.02,Card,Completed,3.9
O10190,17-04-2026,22:35,Kolkata,D1011,Sedan,24.4,35,641.33,Wallet,Completed,4.2
O10191,16-05-2026,22:23,Delhi,D1022,Sedan,4.7,16,257.2,Card,Completed,4.1
O10192,14-05-2026,14:07,Bengaluru,D1054,Sedan,15.4,40,439.18,Wallet,Completed,3.3
O10193,25-05-2026,01:35,Kolkata,D1010,Auto,22.1,58,258.81,Cash,Completed,3.4
O10194,19-04-2026,11:44,Delhi,D1024,Sedan,29.8,16,765.03,UPI,Completed,3.6
O10195,14-06-2026,23:41,Chennai,D1049,Auto,29.8,56,349.4,Wallet,Cancelled,
O10196,21-01-2026,21:42,Mumbai,D1001,Auto,4.9,16,96.51,Cash,Completed,5
O10197,18-03-2026,14:43,Chennai,D1093,Sedan,12.3,22,363.33,Cash,Completed,3.6
O10198,09-01-2026,21:26,Jaipur,D1007,Prime,7.4,11,254.78,UPI,Completed,4.3
O10199,12-01-2026,12:28,Bengaluru,D1030,Sedan,7.7,9,263.81,Card,Cancelled,
O10200,28-05-2026,19:49,Pune,D1036,Prime,10.1,17,330.8,Cash,Completed,3.8
O10201,23-05-2026,18:56,Mumbai,D1086,Bike,17.3,11,216.46,Wallet,Cancelled,
O10202,15-05-2026,10:44,Chennai,D1029,Bike,5.8,20,69.27,Card,Completed,3.5
O10203,06-02-2026,14:58,Jaipur,D1027,Sedan,13.3,34,405.01,Card,Completed,3.5
O10204,15-06-2026,02:59,Kolkata,D1006,Auto,4.1,11,64.61,Cash,Completed,4.2
O10205,18-02-2026,18:46,Bengaluru,D1028,Bike,7.5,18,91.22,UPI,Cancelled,
O10206,31-01-2026,23:48,Kolkata,D1037,Prime,21.3,34,491.16,Wallet,Completed,3.6
O10207,30-04-2026,17:41,Pune,D1093,Auto,9,24,171.8,Wallet,Completed,4.6
O10208,23-03-2026,06:23,Pune,D1075,Bike,2.8,9,84.29,Wallet,Completed,4.1
O10209,17-03-2026,04:12,Pune,D1033,Prime,12.3,23,336.35,Wallet,Completed,4.4
O10210,14-06-2026,23:31,Kolkata,D1070,Prime,22.4,53,495.05,Cash,Completed,4
O10211,15-05-2026,01:53,Delhi,D1020,Mini,23.3,60,329.22,Cash,Completed,3.1
O10212,25-02-2026,16:29,Pune,D1053,Mini,19.1,69,315.35,Cash,Completed,4.1
O10213,05-01-2026,16:46,Hyderabad,D1023,Sedan,29.4,10,723.16,Cash,Completed,3.9
O10214,25-01-2026,16:09,Bengaluru,D1048,Prime,19.2,40,482.67,Wallet,Completed,3.8
O10215,28-04-2026,18:15,Bengaluru,D1012,Auto,21,18,275.76,Wallet,Completed,4.5
O10216,08-04-2026,12:35,Kolkata,D1043,Mini,19.6,29,280.99,Cash,Completed,4.3
O10217,16-05-2026,01:14,Bengaluru,D1070,Sedan,15.1,10,466.69,Cash,Completed,3.6
O10218,15-02-2026,10:01,Bengaluru,D1021,Sedan,5.6,21,261.89,UPI,Completed,3.2
O10219,26-05-2026,12:43,Pune,D1096,Bike,23,25,249.33,Card,Completed,3.2
O10220,14-01-2026,03:27,Bengaluru,D1058,Mini,11.2,33,242.22,Wallet,Completed,4.3
O10221,28-02-2026,11:35,Chennai,D1032,Bike,6.8,26,110.65,Cash,Completed,4.2
O10222,22-01-2026,08:09,Chennai,D1057,Prime,22.6,48,512.05,Card,Completed,4.9
O10223,11-03-2026,03:08,Delhi,D1046,Prime,13.8,43,367.23,Cash,Completed,3.1
O10224,02-06-2026,19:50,Pune,D1032,Bike,1.9,9,52.35,UPI,Completed,4.8
O10225,25-06-2026,12:10,Mumbai,D1039,Auto,10.1,39,131.22,Wallet,Completed,3.6
O10226,20-01-2026,11:16,Bengaluru,D1051,Bike,18.4,33,189.25,Card,Completed,3
O10227,08-06-2026,12:51,Pune,D1062,Bike,11,16,119.03,Card,Completed,4.4
O10228,15-02-2026,12:20,Hyderabad,D1051,Bike,29.1,108,259.77,Card,Completed,4.6
O10229,30-01-2026,18:12,Mumbai,D1038,Sedan,2.3,10,178.31,Cash,Completed,3.9
O10230,15-04-2026,21:31,Mumbai,D1058,Auto,8.4,29,114.79,Wallet,Completed,3.8
O10231,30-05-2026,12:34,Chennai,D1011,Sedan,2.5,9,199.11,Cash,Completed,4.2
O10232,05-03-2026,21:42,Pune,D1097,Prime,19.9,13,477.63,Card,Completed,4.3
O10233,21-04-2026,03:00,Delhi,D1058,Auto,7.8,31,134.32,Card,Completed,4.2
O10234,11-04-2026,14:49,Mumbai,D1015,Auto,29.9,69,326.32,UPI,Completed,4.9
O10235,31-03-2026,09:21,Kolkata,D1041,Prime,16.4,30,408.53,Cash,Completed,4.4
O10236,18-03-2026,01:51,Delhi,D1095,Mini,25.7,90,356.06,UPI,Completed,4.9
O10237,13-05-2026,05:35,Mumbai,D1024,Auto,17.5,69,227.34,Wallet,Completed,4.3
O10238,12-04-2026,00:47,Bengaluru,D1091,Bike,18.4,57,157.51,Cash,Completed,3.6
O10239,28-05-2026,03:51,Mumbai,D1082,Auto,10.8,37,135.98,Card,Completed,4
O10240,02-06-2026,12:39,Chennai,D1091,Sedan,4.8,13,255.19,Card,Completed,4.6
O10241,07-06-2026,18:05,Mumbai,D1050,Auto,4.9,12,77.19,Wallet,Completed,3.3
O10242,02-06-2026,04:36,Chennai,D1072,Bike,6.8,25,112.94,UPI,Completed,5
O10243,06-05-2026,09:08,Mumbai,D1018,Auto,25.5,87,278.75,UPI,Completed,3
O10244,09-04-2026,17:32,Kolkata,D1073,Bike,21,61,227.71,Cash,Completed,3.3
O10245,26-02-2026,09:02,Hyderabad,D1064,Prime,16.8,18,437.05,Cash,Completed,4.5
O10246,27-05-2026,03:17,Pune,D1055,Sedan,24.9,13,651.2,Cash,Completed,3.4
O10247,17-06-2026,07:19,Jaipur,D1100,Bike,9,35,139.17,UPI,Completed,5
O10248,23-02-2026,23:37,Pune,D1008,Sedan,19.5,29,533.13,Card,Completed,4.6
O10249,17-05-2026,08:38,Mumbai,D1087,Auto,29.4,45,334.25,Cash,Completed,4.7
O10250,04-02-2026,13:58,Jaipur,D1042,Auto,26.2,24,331.1,UPI,Completed,3.3
O10251,23-06-2026,12:31,Mumbai,D1099,Sedan,19.5,61,516.26,Cash,Completed,4.6
O10252,14-04-2026,16:47,Hyderabad,D1094,Auto,14.5,39,187.91,Cash,Completed,4.5
O10253,28-04-2026,20:42,Pune,D1035,Mini,24.2,58,345.65,Card,Completed,3.4
O10254,14-03-2026,10:35,Mumbai,D1081,Sedan,25.8,51,678.59,Wallet,Completed,3.1
O10255,05-01-2026,03:59,Mumbai,D1084,Bike,14.5,35,140.16,Card,Completed,3.3
O10256,10-02-2026,08:05,Pune,D1097,Auto,3.8,10,61.63,UPI,Completed,4.5
O10257,20-04-2026,20:05,Delhi,D1002,Mini,7.6,10,140.49,Cash,Completed,4.4
O10258,28-06-2026,10:52,Delhi,D1014,Bike,21.3,69,185.36,Cash,Completed,4.5
O10259,22-03-2026,11:56,Hyderabad,D1073,Prime,12.4,16,348.11,Cash,Completed,3.1
O10260,06-06-2026,20:10,Kolkata,D1079,Auto,22.1,88,293.38,Wallet,Cancelled,
O10261,25-02-2026,02:57,Delhi,D1018,Prime,22.9,83,543.3,UPI,Completed,3.9
O10262,12-03-2026,20:05,Bengaluru,D1085,Sedan,18.6,44,526.53,Card,Completed,4.7
O10263,22-02-2026,16:38,Bengaluru,D1050,Bike,9.9,11,144.07,Cash,Completed,3.5
O10264,03-03-2026,15:40,Delhi,D1017,Sedan,26.8,9,705.08,Wallet,Cancelled,
O10265,26-05-2026,13:23,Mumbai,D1028,Bike,28.7,106,244.71,Cash,Completed,3
O10266,16-01-2026,12:32,Hyderabad,D1079,Sedan,23.4,62,617.13,UPI,Completed,4.1
O10267,13-03-2026,02:19,Delhi,D1084,Sedan,27.7,27,691.55,Cash,Completed,4.3
O10268,21-03-2026,22:27,Bengaluru,D1086,Mini,8.5,21,150.12,UPI,Completed,3.1
O10269,31-01-2026,00:45,Mumbai,D1022,Mini,6.2,19,151.01,Card,Completed,4.4
O10270,02-02-2026,23:49,Hyderabad,D1034,Mini,23.5,11,345.45,Cash,Completed,4
O10271,08-05-2026,14:32,Pune,D1074,Mini,15.7,44,240.08,Cash,Completed,4.5
O10272,28-02-2026,23:32,Jaipur,D1020,Mini,26,9,369.12,UPI,Completed,3.8
O10273,10-01-2026,17:51,Chennai,D1074,Prime,10.7,34,336.71,Card,Completed,4.7
O10274,31-01-2026,16:43,Jaipur,D1009,Prime,7.9,24,290.9,Wallet,Cancelled,
O10275,14-03-2026,09:20,Delhi,D1080,Sedan,14.5,31,404.05,UPI,Completed,3.6
O10276,29-04-2026,11:37,Kolkata,D1053,Prime,22.4,77,536.43,Cash,Completed,3
O10277,01-03-2026,17:22,Jaipur,D1027,Auto,1.5,10,61.34,UPI,Completed,3.6
O10278,18-04-2026,15:03,Mumbai,D1048,Auto,4.2,11,124.81,Wallet,Completed,4.4
O10279,22-01-2026,18:06,Mumbai,D1038,Bike,3.6,12,43.16,Card,Completed,3.3
O10280,22-03-2026,12:44,Pune,D1075,Auto,14.4,22,169.23,Cash,Completed,4.6
O10281,09-02-2026,03:10,Kolkata,D1027,Bike,10.4,15,130.71,Wallet,Cancelled,
O10282,20-03-2026,14:16,Delhi,D1042,Mini,6,17,169.85,UPI,Completed,3.1
O10283,24-01-2026,22:15,Pune,D1052,Bike,16.1,51,159.72,Wallet,Completed,3.3
O10284,23-05-2026,23:35,Bengaluru,D1029,Mini,14.7,58,226.19,UPI,Completed,4.7
O10285,20-02-2026,12:23,Delhi,D1057,Sedan,18.2,17,465.53,UPI,Completed,4.8
O10286,24-01-2026,10:07,Jaipur,D1088,Bike,2.9,11,90.72,Wallet,Completed,3.1
O10287,14-02-2026,11:13,Mumbai,D1083,Auto,9.5,36,125.4,Card,Completed,4.2
O10288,08-05-2026,13:56,Kolkata,D1068,Mini,4,14,97.61,UPI,Completed,4.8
O10289,11-06-2026,17:50,Jaipur,D1073,Bike,23.8,53,233.98,Card,Completed,3.7
O10290,10-04-2026,08:11,Jaipur,D1061,Auto,18.5,11,267.7,Card,Completed,3.1
O10291,30-05-2026,07:10,Delhi,D1098,Prime,20.2,42,480.96,UPI,Completed,4.5
O10292,28-05-2026,12:22,Mumbai,D1004,Prime,8.2,18,284.03,Card,Completed,4.8
O10293,26-05-2026,18:09,Bengaluru,D1029,Bike,17,19,180.33,Cash,Completed,3.5
O10294,15-05-2026,15:00,Pune,D1042,Sedan,7.2,12,267.85,Cash,Completed,4.6
O10295,06-01-2026,04:37,Mumbai,D1051,Mini,25.6,54,414.44,Cash,Completed,4.9
O10296,28-03-2026,09:20,Mumbai,D1084,Prime,22.4,63,538.63,Card,Cancelled,
O10297,14-02-2026,22:35,Pune,D1023,Prime,20.5,30,475.49,Cash,Completed,3.6
O10298,29-06-2026,18:25,Jaipur,D1043,Prime,18.7,36,461.38,Cash,Completed,4
O10299,02-03-2026,11:20,Mumbai,D1058,Mini,24.9,93,383.54,Cash,Cancelled,
O10300,09-03-2026,06:15,Delhi,D1054,Auto,8.8,11,158.43,UPI,Completed,3.9
O10301,16-04-2026,15:56,Chennai,D1098,Auto,17.1,14,249.02,UPI,Completed,4.2
O10302,11-02-2026,14:04,Jaipur,D1049,Auto,2.1,9,107.62,UPI,Completed,3.3
O10303,20-01-2026,17:57,Delhi,D1078,Auto,18.4,69,253.32,Wallet,Completed,4.3
O10304,10-02-2026,01:06,Pune,D1034,Prime,29.3,60,656.2,Card,Completed,4.5
O10305,18-03-2026,07:06,Jaipur,D1038,Bike,17.8,70,163.15,Wallet,Completed,3.9
O10306,21-02-2026,03:01,Bengaluru,D1061,Prime,19.7,18,467.75,Wallet,Completed,4.6
O10307,19-06-2026,08:05,Chennai,D1060,Prime,12.1,32,323.66,Card,Completed,3.5
O10308,27-02-2026,08:36,Jaipur,D1097,Prime,22.9,20,498.2,UPI,Completed,4.1
O10309,22-05-2026,01:53,Chennai,D1074,Sedan,13.4,42,416.09,UPI,Cancelled,
O10310,02-05-2026,09:05,Chennai,D1016,Mini,15.8,41,285.63,Wallet,Completed,4.2
O10311,14-02-2026,05:13,Bengaluru,D1081,Prime,2.7,8,197.78,UPI,Completed,5
O10312,02-06-2026,08:20,Delhi,D1002,Mini,12.6,33,229.84,Wallet,Completed,4
O10313,29-01-2026,13:09,Mumbai,D1037,Sedan,18.3,20,530.74,Card,Completed,3.2
O10314,16-04-2026,08:24,Kolkata,D1088,Sedan,18.9,12,490.05,Wallet,Completed,4.2
O10315,10-01-2026,12:56,Pune,D1003,Prime,2.9,11,196.66,Card,Cancelled,
O10316,19-03-2026,09:17,Kolkata,D1057,Mini,29.2,37,399.81,Card,Cancelled,
O10317,10-03-2026,23:26,Delhi,D1008,Prime,14.1,34,385.67,UPI,Completed,4.7
O10318,17-01-2026,09:45,Chennai,D1026,Prime,23.7,75,568.15,Cash,Completed,3.4
O10319,05-03-2026,01:29,Jaipur,D1016,Auto,21.6,43,261.78,Cash,Completed,3.8
O10320,03-03-2026,11:31,Kolkata,D1034,Prime,28.9,68,641.28,Cash,Completed,3.3
O10321,14-03-2026,00:24,Jaipur,D1035,Prime,25.8,35,604.4,Wallet,Completed,4.4
O10322,12-05-2026,00:55,Jaipur,D1078,Bike,27.5,90,242.12,Card,Completed,3.4
O10323,14-06-2026,08:27,Chennai,D1051,Auto,14.6,21,198.67,Cash,Completed,4.6
O10324,02-01-2026,16:42,Pune,D1036,Sedan,19.9,44,518.89,Card,Completed,3.1
O10325,12-03-2026,08:41,Hyderabad,D1077,Prime,5.8,15,247.38,Wallet,Completed,4.6
O10326,19-06-2026,10:43,Mumbai,D1005,Mini,20.2,45,300.56,UPI,Completed,3.8
O10327,29-03-2026,23:45,Bengaluru,D1022,Sedan,19.7,68,557.46,UPI,Completed,4
O10328,17-03-2026,03:30,Mumbai,D1043,Auto,22.2,79,295.4,Cash,Completed,4.4
O10329,26-02-2026,11:14,Hyderabad,D1016,Bike,24,50,228.02,Wallet,Completed,3.9
O10330,14-01-2026,20:37,Delhi,D1053,Bike,26.8,72,232.79,Cash,Completed,4.1
O10331,08-02-2026,04:12,Pune,D1011,Bike,29.6,66,256.83,Wallet,Completed,3.4
O10332,27-03-2026,20:11,Pune,D1021,Mini,1.6,9,73.86,Wallet,Completed,4.2
O10333,23-01-2026,04:39,Chennai,D1048,Bike,13,38,140.83,Cash,Completed,3.4
O10334,24-03-2026,16:12,Jaipur,D1014,Mini,19.4,39,288.64,Wallet,Completed,3.6
O10335,09-05-2026,18:19,Mumbai,D1068,Mini,25,46,406.39,Card,Completed,4
O10336,22-04-2026,21:08,Pune,D1052,Bike,11.7,20,115.14,Cash,Cancelled,
O10337,28-02-2026,07:46,Mumbai,D1005,Prime,22.4,83,518.52,Wallet,Completed,4.4
O10338,13-06-2026,08:49,Jaipur,D1015,Sedan,29.8,92,703.57,Wallet,Completed,3.1
O10339,24-04-2026,12:07,Hyderabad,D1085,Bike,21.5,34,230.66,Cash,Completed,3.6
O10340,19-06-2026,16:17,Mumbai,D1014,Bike,25.2,21,247.41,Wallet,Completed,3.6
O10341,20-02-2026,19:12,Hyderabad,D1064,Sedan,29.2,53,733.24,UPI,Completed,3.1
O10342,26-06-2026,15:21,Bengaluru,D1020,Mini,1.9,8,126.28,Cash,Completed,4.3
O10343,11-05-2026,02:46,Delhi,D1013,Auto,19.9,66,288.21,UPI,Completed,3.9
O10344,11-01-2026,09:23,Pune,D1002,Bike,22.5,20,249.59,UPI,Cancelled,
O10345,19-06-2026,20:10,Pune,D1044,Auto,27,87,308.78,UPI,Completed,3.7
O10346,30-01-2026,12:25,Kolkata,D1022,Auto,25.3,96,332.55,Cash,Completed,4.3
O10347,03-02-2026,22:46,Jaipur,D1079,Prime,4.5,17,194.79,Wallet,Completed,3.9
O10348,02-04-2026,19:01,Mumbai,D1084,Bike,27.7,22,293.73,Card,Completed,3.1
O10349,04-01-2026,22:55,Bengaluru,D1032,Auto,16.3,52,232.04,Wallet,Completed,4.3
O10350,30-03-2026,21:43,Chennai,D1021,Prime,25.4,79,599.64,Wallet,Completed,3
O10351,07-05-2026,05:04,Kolkata,D1052,Auto,8.4,16,107.52,UPI,Completed,4.3
O10352,21-01-2026,14:28,Kolkata,D1096,Mini,25.9,65,372.92,Cash,Cancelled,
O10353,27-01-2026,12:26,Jaipur,D1039,Sedan,17.1,60,448.36,UPI,Completed,4.2
O10354,17-06-2026,21:29,Pune,D1077,Auto,25,36,329.1,Wallet,Completed,4.5
O10355,18-06-2026,11:45,Kolkata,D1038,Mini,4.3,11,91.75,Card,Completed,4.3
O10356,29-06-2026,03:02,Mumbai,D1026,Bike,5.5,19,105.98,UPI,Completed,3.5
O10357,31-01-2026,12:13,Kolkata,D1087,Prime,21.9,21,527.2,Cash,Completed,4.3
O10358,26-04-2026,14:42,Mumbai,D1075,Bike,1.6,10,26.2,Wallet,Cancelled,
O10359,11-05-2026,05:44,Mumbai,D1065,Prime,4.5,18,203.04,Wallet,Cancelled,
O10360,18-04-2026,19:58,Bengaluru,D1053,Auto,12.8,29,215.93,Card,Completed,3.3
O10361,29-06-2026,17:55,Pune,D1087,Sedan,19.5,33,504.68,UPI,Completed,4.4
O10362,16-06-2026,05:32,Pune,D1054,Mini,23.2,79,352.03,Card,Completed,4.3
O10363,19-04-2026,00:33,Delhi,D1021,Mini,12.4,11,235.72,Card,Completed,4.5
O10364,24-06-2026,08:09,Jaipur,D1087,Auto,7.3,25,95.26,UPI,Completed,3.2
O10365,15-06-2026,17:24,Bengaluru,D1054,Sedan,23.9,44,626.51,Card,Completed,3.8
O10366,22-05-2026,01:00,Hyderabad,D1091,Prime,19.2,64,483.7,Card,Cancelled,
O10367,31-05-2026,17:47,Bengaluru,D1095,Prime,9.9,19,327.04,Cash,Completed,4.9
O10368,07-04-2026,01:27,Hyderabad,D1091,Sedan,9,13,320.88,UPI,Completed,3.7
O10369,11-01-2026,04:59,Pune,D1091,Sedan,2.9,10,192.34,Card,Completed,3.7
O10370,15-05-2026,07:11,Delhi,D1043,Sedan,6,20,226.44,Card,Completed,3.4
O10371,03-04-2026,09:13,Kolkata,D1083,Sedan,25,91,600.62,UPI,Completed,3.9
O10372,11-01-2026,21:56,Pune,D1067,Bike,27.6,22,257.81,Card,Completed,3.6
O10373,12-05-2026,16:28,Kolkata,D1099,Mini,9.9,20,181.22,Cash,Completed,3.2
O10374,10-06-2026,02:13,Bengaluru,D1100,Bike,25.3,34,250.04,Wallet,Completed,5
O10375,15-06-2026,02:47,Mumbai,D1033,Mini,14.6,29,217.85,Cash,Completed,3.4
O10376,28-05-2026,07:58,Hyderabad,D1016,Bike,12.6,48,139.11,Cash,Completed,3.8
O10377,14-06-2026,23:39,Delhi,D1088,Sedan,2.8,8,181.04,Card,Completed,3.6
O10378,05-06-2026,02:18,Kolkata,D1096,Bike,12.8,50,114.56,Wallet,Completed,3.4
O10379,20-05-2026,09:40,Mumbai,D1019,Auto,20.8,55,295.02,Cash,Completed,4.7
O10380,11-01-2026,00:36,Chennai,D1045,Sedan,17.1,13,463.33,UPI,Completed,4.8
O10381,16-04-2026,20:54,Mumbai,D1007,Prime,6.7,16,214.2,Wallet,Completed,4.6
O10382,15-06-2026,17:04,Hyderabad,D1017,Mini,8.6,14,193.99,UPI,Completed,3.7
O10383,26-01-2026,09:39,Delhi,D1020,Prime,10.6,36,293.78,Card,Completed,4.4
O10384,22-03-2026,13:10,Jaipur,D1047,Auto,8.5,15,154.85,UPI,Completed,3.6
O10385,23-06-2026,23:21,Kolkata,D1011,Bike,14.2,27,157.69,Card,Completed,4.3
O10386,05-02-2026,17:12,Hyderabad,D1075,Mini,22.2,10,365.87,Wallet,Completed,4.6
O10387,01-06-2026,06:58,Jaipur,D1029,Sedan,8.9,25,311.05,Card,Completed,3.7
O10388,04-02-2026,14:32,Delhi,D1079,Bike,11.9,8,151.59,UPI,Completed,4.6
O10389,12-05-2026,04:28,Mumbai,D1095,Prime,17.6,44,442.96,Wallet,Cancelled,
O10390,02-04-2026,01:14,Kolkata,D1047,Prime,3.3,10,155.78,Wallet,Completed,4
O10391,01-05-2026,14:56,Jaipur,D1082,Mini,29.4,49,400.03,Card,Cancelled,
O10392,09-03-2026,18:34,Mumbai,D1010,Bike,20.1,54,211.94,Card,Cancelled,
O10393,07-04-2026,07:33,Chennai,D1065,Auto,24.8,52,302.08,UPI,Completed,4.2
O10394,23-04-2026,05:14,Delhi,D1016,Sedan,19.8,35,506.52,UPI,Completed,4.2
O10395,17-04-2026,10:46,Delhi,D1003,Bike,20.7,69,190.35,UPI,Completed,4.7
O10396,12-01-2026,04:36,Mumbai,D1024,Prime,19.4,13,491.56,Wallet,Completed,3.3
O10397,03-06-2026,18:40,Jaipur,D1062,Auto,28.5,35,336.44,UPI,Cancelled,
O10398,26-02-2026,13:38,Mumbai,D1088,Sedan,24.9,31,641.62,Card,Completed,3.3
O10399,27-04-2026,19:37,Delhi,D1065,Prime,12.3,16,309,Wallet,Completed,4.7
O10400,08-02-2026,19:06,Mumbai,D1016,Bike,27.2,84,230.33,Cash,Completed,4
O10401,04-05-2026,21:08,Jaipur,D1062,Bike,16.4,31,202.44,Wallet,Completed,3.9
O10402,31-03-2026,18:51,Delhi,D1011,Bike,5.3,15,106.01,Card,Cancelled,
O10403,03-06-2026,17:26,Hyderabad,D1001,Prime,1.7,10,165.86,Wallet,Completed,3.2
O10404,17-06-2026,06:44,Pune,D1069,Bike,11.8,17,134.23,Wallet,Completed,3.5
O10405,25-05-2026,11:39,Hyderabad,D1072,Bike,23,60,232.65,Wallet,Completed,3.4
O10406,06-03-2026,09:36,Pune,D1021,Bike,22.5,23,242.35,Cash,Completed,4.4
O10407,24-02-2026,16:25,Pune,D1001,Sedan,19,14,491.25,Cash,Cancelled,
O10408,07-02-2026,15:59,Chennai,D1052,Mini,3.3,9,105.56,Card,Completed,4.4
O10409,02-06-2026,01:49,Mumbai,D1067,Bike,14,20,181.54,Card,Cancelled,
O10410,19-02-2026,01:50,Bengaluru,D1012,Sedan,6.3,9,251.18,Card,Completed,5
O10411,13-04-2026,11:42,Chennai,D1037,Bike,18.2,9,207.18,Card,Completed,3.2
O10412,30-03-2026,08:14,Bengaluru,D1072,Bike,28,81,234.33,Cash,Completed,4
O10413,09-05-2026,09:21,Delhi,D1049,Sedan,28.8,76,732.92,Wallet,Completed,4.4
O10414,04-03-2026,10:49,Kolkata,D1029,Bike,27.1,11,260.54,UPI,Completed,3.8
O10415,22-03-2026,13:22,Jaipur,D1071,Auto,8.6,10,133.93,UPI,Completed,3.7
O10416,02-05-2026,10:22,Bengaluru,D1064,Sedan,9.2,31,331.82,UPI,Cancelled,
O10417,02-03-2026,23:15,Hyderabad,D1016,Prime,8,15,282.54,Cash,Completed,4.6
O10418,23-06-2026,21:31,Jaipur,D1074,Sedan,28.8,69,701.98,Card,Completed,4.8
O10419,06-05-2026,05:48,Hyderabad,D1070,Bike,7.8,26,81.38,Cash,Completed,3.8
O10420,09-05-2026,11:25,Mumbai,D1087,Bike,29.3,97,280.67,UPI,Completed,3
O10421,08-04-2026,18:06,Pune,D1079,Auto,19,41,223.1,Card,Completed,3.5
O10422,04-04-2026,05:31,Chennai,D1074,Prime,13.4,31,346.76,UPI,Completed,3.9
O10423,28-05-2026,21:14,Delhi,D1095,Auto,24.4,79,294.26,UPI,Completed,3.3
O10424,02-05-2026,00:11,Chennai,D1063,Bike,5.3,21,96.55,Card,Completed,3.6
O10425,06-03-2026,17:54,Jaipur,D1081,Bike,4.3,10,48.6,Cash,Completed,4
O10426,26-04-2026,23:21,Hyderabad,D1016,Auto,11.8,43,203.23,Card,Completed,3
O10427,23-06-2026,19:12,Mumbai,D1049,Auto,11.6,40,170.12,Card,Completed,4.8
O10428,29-04-2026,20:09,Mumbai,D1021,Auto,13.5,47,195.01,Card,Completed,3.1
O10429,28-02-2026,10:20,Hyderabad,D1047,Auto,18.8,58,226.99,Wallet,Completed,4.7
O10430,16-04-2026,05:11,Jaipur,D1022,Prime,22.2,40,545.43,Wallet,Completed,3.2
O10431,27-01-2026,03:04,Kolkata,D1014,Sedan,3,11,196.68,Card,Cancelled,
O10432,08-06-2026,04:05,Chennai,D1022,Auto,8,31,119.89,Cash,Completed,3.3
O10433,09-01-2026,21:22,Pune,D1090,Bike,14.8,42,193.84,UPI,Completed,3.3
O10434,01-06-2026,19:29,Chennai,D1012,Sedan,19.7,76,515.68,Wallet,Completed,4.1
O10435,20-03-2026,11:26,Hyderabad,D1037,Prime,10.2,8,300.23,Wallet,Completed,3.3
O10436,17-05-2026,00:44,Kolkata,D1071,Bike,10,35,145.86,Card,Completed,4.6
O10437,18-02-2026,13:56,Chennai,D1034,Bike,8.6,30,130.4,Cash,Completed,3.8
O10438,19-04-2026,20:15,Hyderabad,D1024,Auto,20,76,276.62,UPI,Completed,4.7
O10439,16-03-2026,03:40,Kolkata,D1007,Sedan,14.4,52,431.59,Cash,Completed,3
O10440,17-02-2026,03:18,Hyderabad,D1044,Prime,21.9,9,490.5,Wallet,Completed,4
O10441,21-03-2026,15:23,Kolkata,D1061,Mini,10.9,17,174.72,UPI,Completed,3.1
O10442,19-02-2026,08:52,Chennai,D1032,Mini,5,20,150.03,Cash,Completed,4.9
O10443,20-02-2026,14:47,Delhi,D1042,Sedan,20.5,34,543.1,UPI,Completed,3.6
O10444,11-06-2026,23:02,Delhi,D1086,Auto,15.2,27,185.91,UPI,Cancelled,
O10445,29-01-2026,07:40,Chennai,D1006,Auto,1.9,9,79.93,Wallet,Completed,3.5
O10446,26-06-2026,19:09,Pune,D1098,Mini,8.6,23,149.6,Cash,Completed,4.9
O10447,16-01-2026,11:41,Mumbai,D1083,Sedan,24.1,24,616.15,Card,Completed,4.1
O10448,23-04-2026,23:12,Jaipur,D1072,Bike,11.7,16,121.15,Card,Completed,4.4
O10449,19-05-2026,22:31,Bengaluru,D1077,Sedan,6.8,19,258.66,UPI,Completed,4.7
O10450,18-01-2026,16:09,Kolkata,D1049,Auto,24.9,77,294.7,UPI,Completed,4.3
O10451,05-01-2026,19:54,Pune,D1050,Sedan,8.3,31,270.43,UPI,Cancelled,
O10452,15-05-2026,21:31,Mumbai,D1009,Sedan,9.6,21,336.86,Cash,Completed,4
O10453,03-02-2026,05:55,Jaipur,D1085,Prime,4.6,11,169.71,Wallet,Completed,4.7
O10454,15-05-2026,19:44,Hyderabad,D1084,Mini,11.9,46,233.05,Wallet,Completed,4.8
O10455,21-01-2026,14:51,Jaipur,D1008,Auto,17.4,68,256.33,Card,Completed,4.6
O10456,16-05-2026,01:46,Delhi,D1069,Auto,3.7,9,124.24,Wallet,Completed,4.5
O10457,18-02-2026,06:33,Bengaluru,D1099,Sedan,19.3,30,525.09,Card,Completed,4.5
O10458,22-06-2026,14:44,Chennai,D1069,Mini,6.3,13,154.1,Wallet,Completed,4.3
O10459,01-04-2026,10:35,Pune,D1073,Auto,13.3,48,183.14,UPI,Completed,4.2
O10460,07-04-2026,17:59,Hyderabad,D1037,Auto,28.9,65,376.19,Cash,Completed,3.1
O10461,13-05-2026,04:56,Hyderabad,D1089,Mini,10.1,22,176.24,Card,Completed,4.5
O10462,22-05-2026,16:35,Mumbai,D1032,Mini,2.6,9,82.13,UPI,Completed,4.8
O10463,07-03-2026,09:05,Chennai,D1063,Sedan,27.7,101,659.4,Cash,Completed,4
O10464,02-06-2026,20:19,Jaipur,D1056,Sedan,12.4,11,412.53,Wallet,Completed,4.8
O10465,31-01-2026,07:47,Jaipur,D1065,Bike,3,12,36.88,UPI,Completed,3.3
O10466,09-02-2026,01:43,Chennai,D1051,Bike,23,81,229.33,UPI,Completed,3.6
O10467,03-02-2026,10:05,Kolkata,D1100,Sedan,22.7,78,581.94,UPI,Completed,4
O10468,04-02-2026,15:35,Bengaluru,D1032,Bike,12.8,44,126.13,UPI,Completed,4.5
O10469,19-01-2026,08:49,Chennai,D1045,Auto,21,81,236.27,UPI,Completed,3.8
O10470,24-03-2026,11:38,Jaipur,D1057,Auto,6.3,19,126.14,UPI,Cancelled,
O10471,23-04-2026,01:59,Bengaluru,D1007,Prime,21,27,511.04,UPI,Completed,3.2
O10472,08-06-2026,04:55,Hyderabad,D1095,Mini,11.3,15,196.96,UPI,Completed,3.7
O10473,22-02-2026,17:33,Hyderabad,D1049,Sedan,15.3,54,475.46,Cash,Completed,4.3
O10474,07-03-2026,05:03,Hyderabad,D1009,Prime,24,87,530.99,Wallet,Completed,4.9
O10475,19-06-2026,08:42,Pune,D1066,Mini,2,10,91.06,Cash,Cancelled,
O10476,22-03-2026,15:55,Delhi,D1068,Prime,7.2,22,248.85,Card,Completed,3.1
O10477,27-03-2026,15:25,Mumbai,D1065,Mini,11.4,30,201.68,Card,Completed,5
O10478,16-01-2026,20:16,Chennai,D1018,Mini,28.4,43,396.59,Cash,Completed,3.8
O10479,08-04-2026,16:43,Bengaluru,D1058,Bike,8.4,12,107.05,UPI,Completed,4.2
O10480,22-02-2026,20:08,Bengaluru,D1099,Prime,10.3,41,329.07,UPI,Completed,4.8
O10481,17-06-2026,18:58,Mumbai,D1019,Auto,3.4,12,120.4,Cash,Completed,3.6
O10482,23-03-2026,13:26,Hyderabad,D1014,Bike,22.7,89,256.93,UPI,Completed,4.6
O10483,17-02-2026,00:48,Hyderabad,D1011,Sedan,17.7,22,495.75,Wallet,Completed,3.1
O10484,04-02-2026,16:54,Kolkata,D1005,Auto,6.7,20,121.4,Wallet,Completed,3.4
O10485,04-01-2026,08:26,Bengaluru,D1057,Prime,23.1,16,508.2,Wallet,Cancelled,
O10486,26-06-2026,10:55,Kolkata,D1051,Prime,13.7,10,369.16,Cash,Completed,4.4
O10487,14-05-2026,03:28,Kolkata,D1072,Mini,26.5,39,394.31,Wallet,Completed,4.5
O10488,13-05-2026,20:03,Bengaluru,D1038,Auto,14,27,214.16,Cash,Completed,3.3
O10489,26-06-2026,16:57,Mumbai,D1075,Bike,25.2,65,217.93,UPI,Completed,3.4
O10490,11-04-2026,13:20,Kolkata,D1059,Mini,6.6,26,181.96,Cash,Cancelled,
O10491,06-03-2026,10:44,Mumbai,D1094,Mini,4.1,15,133.59,UPI,Completed,4.4
O10492,07-04-2026,17:24,Jaipur,D1019,Prime,27.5,80,635.99,UPI,Completed,3.3
O10493,14-01-2026,13:19,Hyderabad,D1080,Bike,9.7,13,95.83,Card,Completed,3.4
O10494,04-01-2026,14:31,Kolkata,D1061,Sedan,24.5,85,651.79,Wallet,Completed,4.2
O10495,15-04-2026,14:05,Jaipur,D1007,Prime,26.6,43,602.18,UPI,Completed,4.7
O10496,07-02-2026,01:41,Pune,D1012,Mini,5.6,8,153.89,Cash,Completed,3.6
O10497,28-01-2026,13:11,Mumbai,D1005,Auto,18.9,30,276.64,Cash,Completed,3.7
O10498,18-03-2026,10:23,Chennai,D1036,Mini,23.1,78,321.74,Card,Completed,3.2
O10499,15-05-2026,13:33,Bengaluru,D1068,Prime,18.9,21,460.2,Cash,Cancelled,
O10500,04-05-2026,23:44,Hyderabad,D1017,Bike,18.9,48,179.38,Wallet,Completed,4.2
O10501,14-05-2026,23:40,Kolkata,D1016,Bike,24.5,86,222.29,Cash,Completed,3.4
O10502,30-04-2026,20:50,Delhi,D1082,Prime,24.3,61,546.38,UPI,Completed,4.1
O10503,03-01-2026,20:12,Hyderabad,D1015,Auto,24,47,281.02,Card,Completed,4.5
O10504,29-03-2026,12:46,Jaipur,D1005,Prime,7,18,270.56,UPI,Completed,3.9
O10505,04-05-2026,04:40,Kolkata,D1067,Sedan,27,67,694.88,Card,Completed,4.5
O10506,25-05-2026,23:43,Pune,D1046,Sedan,16.8,21,476.42,Cash,Completed,4.8
O10507,08-02-2026,08:53,Jaipur,D1024,Auto,29.5,88,352.4,Cash,Completed,4.2
O10508,20-03-2026,22:54,Pune,D1039,Mini,9.2,10,185.19,UPI,Completed,3.9
O10509,15-05-2026,09:11,Delhi,D1062,Auto,23.9,33,322.93,UPI,Completed,3
O10510,18-02-2026,10:59,Kolkata,D1067,Sedan,10.3,28,316.03,UPI,Completed,4.6
O10511,22-02-2026,23:02,Kolkata,D1077,Bike,21.8,74,192.51,Cash,Completed,3.1
O10512,27-03-2026,14:56,Jaipur,D1082,Mini,16.3,50,287.79,UPI,Completed,4.5
O10513,24-03-2026,06:12,Hyderabad,D1036,Auto,16.7,57,217.88,Cash,Completed,3.3
O10514,04-01-2026,19:35,Delhi,D1037,Prime,17,43,408.29,UPI,Completed,4.4
O10515,13-02-2026,02:19,Pune,D1007,Sedan,14.1,16,384.03,Cash,Cancelled,
O10516,09-04-2026,01:05,Chennai,D1046,Bike,6.6,26,106.86,Card,Completed,3.9
O10517,27-03-2026,06:45,Delhi,D1060,Bike,17.7,13,208.5,Cash,Cancelled,
O10518,27-04-2026,09:43,Kolkata,D1034,Bike,8.1,15,84.86,Card,Cancelled,
O10519,11-04-2026,05:44,Pune,D1022,Auto,14.4,9,168.58,Card,Completed,4
O10520,31-03-2026,19:36,Mumbai,D1069,Sedan,4.4,9,210.81,Wallet,Completed,4.6
O10521,13-04-2026,18:26,Bengaluru,D1089,Sedan,8.4,13,336.17,Wallet,Completed,3.7
O10522,22-04-2026,18:50,Pune,D1074,Sedan,21.3,30,572.38,Wallet,Completed,4.9
O10523,30-01-2026,18:38,Kolkata,D1077,Auto,17.3,60,224.17,Cash,Completed,3.8
O10524,25-06-2026,19:49,Chennai,D1075,Auto,15.6,50,180.3,Cash,Completed,3.3
O10525,07-02-2026,21:09,Kolkata,D1073,Sedan,9.8,36,309.7,Card,Completed,3.6
O10526,22-04-2026,22:58,Pune,D1071,Mini,18.1,59,316.53,Cash,Completed,3.1
O10527,01-01-2026,22:35,Pune,D1041,Mini,26,11,368.47,Wallet,Completed,3.8
O10528,14-04-2026,12:27,Bengaluru,D1054,Prime,15,20,388.88,UPI,Completed,3.7
O10529,15-03-2026,21:08,Mumbai,D1085,Mini,3.5,8,92.08,Wallet,Cancelled,
O10530,04-02-2026,02:08,Chennai,D1066,Bike,27,97,268.31,Wallet,Completed,3.4
O10531,22-05-2026,14:24,Pune,D1092,Prime,6.8,27,202.92,Card,Completed,4.5
O10532,16-04-2026,17:36,Pune,D1089,Mini,29.4,80,426.63,Cash,Completed,4.2
O10533,06-02-2026,23:46,Hyderabad,D1095,Bike,16.2,41,201.89,Cash,Completed,3.9
O10534,25-06-2026,20:34,Hyderabad,D1061,Sedan,3,10,197.45,Card,Completed,3.9
O10535,18-04-2026,11:51,Hyderabad,D1061,Auto,6.3,17,133.89,UPI,Completed,3.1
O10536,27-05-2026,01:42,Hyderabad,D1036,Sedan,2.3,9,151.78,Card,Completed,4.7
O10537,03-02-2026,19:17,Hyderabad,D1095,Auto,1.9,8,81.27,UPI,Cancelled,
O10538,18-06-2026,14:23,Mumbai,D1044,Auto,23.8,38,291.94,Cash,Completed,4.7
O10539,07-02-2026,19:59,Mumbai,D1082,Bike,23,60,247.93,UPI,Completed,3.9
O10540,23-02-2026,18:46,Pune,D1061,Mini,19.8,22,281.28,UPI,Completed,4
O10541,08-04-2026,21:45,Chennai,D1058,Bike,9,24,142.92,Wallet,Completed,4.9
O10542,23-06-2026,10:33,Jaipur,D1084,Mini,27.7,89,397.17,Card,Completed,4.2
O10543,27-03-2026,08:17,Delhi,D1087,Auto,20.1,58,253.28,UPI,Completed,3.5
O10544,14-05-2026,10:43,Mumbai,D1068,Auto,17.1,51,191.59,Cash,Completed,3.8
O10545,25-06-2026,14:22,Bengaluru,D1085,Auto,8.7,9,108.66,UPI,Completed,4.9
O10546,03-06-2026,20:07,Delhi,D1024,Mini,25.9,24,377.12,Cash,Completed,4.3
O10547,28-06-2026,05:16,Hyderabad,D1036,Bike,20.3,17,217.11,Wallet,Cancelled,
O10548,27-06-2026,21:49,Pune,D1008,Auto,6.1,10,100.41,Card,Completed,3.8
O10549,09-03-2026,05:28,Delhi,D1019,Bike,29.4,33,287.92,Wallet,Completed,4
O10550,25-02-2026,19:41,Delhi,D1100,Bike,21.9,21,187.64,Wallet,Completed,4.5
O10551,05-01-2026,15:09,Jaipur,D1001,Mini,20.4,42,295.41,Wallet,Completed,3.8
O10552,03-05-2026,13:25,Delhi,D1073,Sedan,7.9,20,324.79,Card,Completed,4
O10553,27-03-2026,21:19,Chennai,D1059,Mini,19.5,19,299.57,Card,Completed,3.7
O10554,15-06-2026,06:11,Jaipur,D1081,Bike,20.3,46,221.11,Card,Cancelled,
O10555,05-05-2026,02:56,Kolkata,D1031,Prime,5.5,11,180.78,Wallet,Cancelled,
O10556,10-04-2026,02:50,Hyderabad,D1003,Bike,16.7,61,200.42,Cash,Cancelled,
O10557,28-03-2026,01:21,Jaipur,D1069,Bike,4.9,18,95.91,UPI,Completed,4.4
O10558,29-05-2026,07:59,Delhi,D1006,Mini,22.5,70,355.77,UPI,Completed,4.8
O10559,29-06-2026,20:08,Jaipur,D1076,Prime,19.5,47,488.45,Cash,Completed,4.2
O10560,28-01-2026,03:31,Bengaluru,D1052,Mini,24.4,62,356.41,Card,Completed,4.5
O10561,31-01-2026,21:36,Mumbai,D1016,Auto,25.3,35,326.5,Card,Completed,3.7
O10562,06-02-2026,13:10,Pune,D1081,Sedan,6.2,15,288.8,Wallet,Completed,3.2
O10563,10-02-2026,00:56,Kolkata,D1037,Mini,1.7,8,125.23,Wallet,Completed,4.2
O10564,27-06-2026,15:44,Mumbai,D1079,Prime,5.6,12,217.42,Cash,Completed,4.9
O10565,02-06-2026,05:45,Kolkata,D1072,Sedan,28.6,88,729.85,UPI,Completed,3.8
O10566,19-02-2026,03:33,Delhi,D1027,Sedan,11.8,42,371.53,Card,Completed,4.3
O10567,14-01-2026,06:07,Mumbai,D1037,Bike,15.7,18,182.51,UPI,Completed,4.3
O10568,22-04-2026,08:21,Kolkata,D1063,Mini,4.5,8,158.74,Cash,Completed,4.6
O10569,19-01-2026,07:46,Kolkata,D1100,Sedan,18,61,473.91,Cash,Completed,3.7
O10570,25-03-2026,07:06,Bengaluru,D1007,Bike,26.3,56,282.8,Wallet,Completed,4.2
O10571,07-02-2026,06:59,Kolkata,D1035,Prime,12.5,16,337.04,UPI,Completed,3.7
O10572,27-03-2026,04:02,Jaipur,D1029,Auto,5.4,21,106.59,Card,Completed,4.5
O10573,04-06-2026,05:50,Mumbai,D1028,Sedan,29.1,37,688.05,Wallet,Completed,4
O10574,29-04-2026,08:00,Chennai,D1076,Prime,8.6,21,275.36,UPI,Cancelled,
O10575,27-05-2026,00:26,Jaipur,D1062,Mini,29.8,101,451.4,Cash,Completed,4.1
O10576,26-04-2026,15:15,Delhi,D1083,Sedan,23,60,626.5,Cash,Completed,3.6
O10577,05-01-2026,15:42,Hyderabad,D1099,Prime,21.5,81,519.31,UPI,Completed,3.9
O10578,30-06-2026,12:11,Pune,D1043,Bike,21.6,8,243.03,Cash,Completed,4.8
O10579,17-03-2026,13:48,Hyderabad,D1043,Sedan,17,58,454.5,Cash,Completed,4.2
O10580,12-05-2026,21:23,Jaipur,D1072,Mini,12.4,37,232.14,Cash,Completed,3.4
O10581,24-05-2026,22:49,Bengaluru,D1097,Prime,29.5,38,648.77,UPI,Completed,4.5
O10582,27-02-2026,10:22,Hyderabad,D1065,Sedan,20.9,43,521.81,Cash,Completed,3.9
O10583,01-05-2026,22:34,Hyderabad,D1012,Bike,19.2,16,176.78,Cash,Cancelled,
O10584,11-04-2026,05:18,Delhi,D1067,Mini,6.2,11,163.2,Cash,Completed,4.7
O10585,17-03-2026,13:43,Mumbai,D1003,Bike,11.4,36,152.84,UPI,Completed,3.4
O10586,14-05-2026,20:21,Chennai,D1071,Sedan,11.3,28,360.03,Wallet,Completed,4.1
O10587,28-04-2026,09:36,Mumbai,D1007,Auto,6.4,16,99.87,UPI,Completed,3.6
O10588,01-04-2026,09:29,Mumbai,D1091,Sedan,27.8,99,693.47,UPI,Completed,3.4
O10589,11-02-2026,07:07,Jaipur,D1005,Auto,17.9,64,217.23,Card,Completed,4.1
O10590,30-03-2026,04:23,Kolkata,D1052,Sedan,29.3,76,707.11,Wallet,Cancelled,
O10591,07-02-2026,14:59,Pune,D1038,Prime,1.6,10,147.03,Wallet,Completed,4.3
O10592,16-03-2026,18:42,Mumbai,D1006,Sedan,22.3,64,569.71,UPI,Completed,4
O10593,23-06-2026,17:07,Hyderabad,D1083,Mini,12.9,22,226.02,UPI,Completed,3.1
O10594,30-05-2026,16:14,Hyderabad,D1066,Prime,2.1,10,177.26,Wallet,Completed,4.9
O10595,19-02-2026,15:20,Jaipur,D1045,Auto,12.8,35,173.87,Card,Completed,3.6
O10596,25-04-2026,17:05,Bengaluru,D1055,Bike,22.6,61,247.06,Wallet,Completed,4.6
O10597,05-02-2026,18:38,Delhi,D1076,Prime,7.4,23,282.39,Wallet,Completed,3.7
O10598,23-01-2026,00:26,Hyderabad,D1024,Bike,6.5,22,111.72,Wallet,Completed,3.3
O10599,16-03-2026,17:31,Jaipur,D1001,Auto,25.3,46,307.59,UPI,Completed,3.4
O10600,09-03-2026,09:40,Kolkata,D1032,Mini,20.1,44,310.4,Cash,Completed,4.4
O10601,31-01-2026,08:31,Delhi,D1088,Sedan,22.7,82,587.63,Wallet,Completed,3.5
O10602,27-06-2026,03:23,Jaipur,D1046,Auto,6.1,9,91.23,UPI,Completed,4.4
O10603,14-01-2026,08:23,Chennai,D1066,Auto,2.9,10,86.07,UPI,Cancelled,
O10604,10-06-2026,05:48,Delhi,D1039,Sedan,22.9,77,580.58,Card,Completed,4.7
O10605,25-06-2026,22:44,Pune,D1048,Mini,16.7,30,298.03,Wallet,Completed,4
O10606,16-04-2026,10:58,Mumbai,D1079,Mini,7.7,24,147.88,Cash,Completed,4.8
O10607,17-04-2026,14:58,Delhi,D1057,Mini,24.8,10,371.17,Card,Completed,3.7
O10608,14-02-2026,22:19,Jaipur,D1017,Mini,7.8,30,143.57,Cash,Completed,3.3
O10609,19-04-2026,22:48,Delhi,D1085,Mini,2,9,117.01,Cash,Completed,3.2
O10610,01-05-2026,03:58,Hyderabad,D1078,Mini,3.4,13,81.52,UPI,Completed,3.2
O10611,31-05-2026,06:11,Pune,D1065,Mini,4.1,12,155.62,UPI,Completed,3.3
O10612,10-05-2026,18:04,Delhi,D1097,Sedan,23.3,75,581.19,Cash,Completed,3.6
O10613,26-01-2026,06:58,Kolkata,D1024,Auto,21.4,31,264.78,Card,Cancelled,
O10614,08-04-2026,13:13,Bengaluru,D1098,Bike,4.7,13,56.25,Card,Completed,3.3
O10615,30-06-2026,09:35,Jaipur,D1088,Mini,10.9,15,197.73,Wallet,Completed,4.5
O10616,27-02-2026,17:26,Hyderabad,D1048,Bike,6.9,10,127.83,UPI,Completed,4.9
O10617,04-01-2026,21:31,Delhi,D1089,Bike,14,50,169.36,Cash,Completed,3.8
O10618,13-02-2026,02:23,Bengaluru,D1036,Auto,7.2,20,100.59,Card,Completed,4.5
O10619,14-06-2026,12:22,Kolkata,D1016,Sedan,28.6,70,707.8,Card,Completed,3.9
O10620,06-05-2026,15:14,Mumbai,D1023,Mini,4.3,8,149.72,Wallet,Completed,3.1
O10621,04-06-2026,21:20,Mumbai,D1064,Auto,19.2,20,265.21,Wallet,Completed,4
O10622,21-02-2026,09:42,Kolkata,D1098,Bike,15.9,42,161.25,Cash,Completed,4.1
O10623,21-04-2026,03:24,Kolkata,D1100,Auto,25.8,64,310.18,Card,Completed,4.1
O10624,30-06-2026,05:31,Chennai,D1085,Prime,10.4,32,301.32,Wallet,Completed,4.4
O10625,02-05-2026,17:54,Mumbai,D1079,Sedan,3.1,10,196.63,Card,Cancelled,
O10626,14-03-2026,10:03,Jaipur,D1081,Sedan,2.8,10,180.42,Card,Completed,3.1
O10627,08-04-2026,03:27,Pune,D1076,Auto,13.2,11,198.29,Cash,Completed,4.3
O10628,26-06-2026,02:55,Hyderabad,D1055,Mini,11.1,9,210.89,Wallet,Completed,4.3
O10629,10-03-2026,00:44,Kolkata,D1063,Sedan,2.1,9,168.44,Cash,Completed,4.1
O10630,26-06-2026,21:13,Pune,D1056,Bike,15.8,56,183.12,UPI,Completed,3.6
O10631,08-05-2026,20:54,Delhi,D1052,Sedan,7.6,16,255.33,UPI,Cancelled,
O10632,09-06-2026,23:05,Delhi,D1045,Sedan,11.1,12,361.65,Cash,Completed,3.9
O10633,16-06-2026,09:32,Hyderabad,D1059,Bike,20.4,48,187.21,UPI,Completed,4.2
O10634,05-01-2026,20:45,Mumbai,D1082,Sedan,15.7,50,481.35,Wallet,Completed,3.9
O10635,25-05-2026,23:40,Jaipur,D1039,Sedan,7.2,22,254.34,Wallet,Completed,4.4
O10636,16-04-2026,10:55,Delhi,D1077,Prime,25.6,42,598.46,UPI,Completed,3.5
O10637,14-04-2026,07:07,Mumbai,D1083,Prime,2.3,9,153.89,Cash,Completed,3.9
O10638,21-02-2026,05:17,Mumbai,D1006,Mini,8.9,33,166.24,Wallet,Completed,4.3
O10639,06-01-2026,01:55,Delhi,D1085,Auto,18.6,16,269.04,Cash,Completed,3.7
O10640,12-04-2026,23:53,Mumbai,D1100,Prime,4.7,16,229.91,Card,Completed,4.7
O10641,08-05-2026,02:15,Delhi,D1028,Auto,10.9,32,185.41,UPI,Completed,4.9
O10642,28-01-2026,05:13,Hyderabad,D1015,Bike,13.1,45,118.71,Card,Completed,4.4
O10643,20-05-2026,13:30,Bengaluru,D1003,Auto,26.6,26,311.41,Cash,Completed,4.6
O10644,19-06-2026,01:44,Bengaluru,D1088,Auto,17.3,27,237.73,Cash,Completed,4.8
O10645,17-05-2026,07:54,Kolkata,D1039,Bike,1.7,9,88.53,Cash,Cancelled,
O10646,02-03-2026,09:13,Mumbai,D1100,Bike,19.5,60,221.25,Wallet,Completed,3.2
O10647,01-05-2026,23:26,Pune,D1046,Bike,26.5,20,279.71,Wallet,Completed,4
O10648,04-06-2026,23:52,Pune,D1083,Bike,21.3,14,225.3,UPI,Completed,3.9
O10649,01-01-2026,12:12,Hyderabad,D1084,Auto,17.9,22,210.05,UPI,Completed,4.9
O10650,02-06-2026,21:26,Pune,D1042,Bike,15.1,55,140.15,Card,Completed,4.2
O10651,20-02-2026,02:26,Pune,D1029,Prime,12.7,32,374.73,Cash,Cancelled,
O10652,06-01-2026,17:41,Bengaluru,D1080,Mini,29.3,33,409.92,Wallet,Completed,3.1
O10653,03-06-2026,08:09,Delhi,D1059,Auto,6.3,11,83.99,Wallet,Completed,4.5
O10654,31-01-2026,07:45,Bengaluru,D1017,Prime,28.5,112,647.75,Wallet,Completed,4
O10655,22-02-2026,19:13,Hyderabad,D1031,Prime,13.4,34,376.67,Wallet,Completed,5
O10656,05-03-2026,11:37,Kolkata,D1051,Mini,1.8,8,122.6,UPI,Cancelled,
O10657,09-04-2026,22:27,Hyderabad,D1061,Mini,4.2,8,94.05,Card,Cancelled,
O10658,05-06-2026,21:51,Jaipur,D1086,Mini,8.7,27,171.07,Card,Cancelled,
O10659,03-02-2026,17:02,Mumbai,D1041,Auto,6.3,23,148.12,Wallet,Completed,3.3
O10660,06-02-2026,08:07,Pune,D1056,Mini,29.4,71,453.82,Card,Completed,4.5
O10661,09-03-2026,19:53,Hyderabad,D1098,Sedan,10.4,18,330.09,UPI,Cancelled,
O10662,23-05-2026,21:40,Kolkata,D1091,Mini,6.9,9,138.89,Wallet,Completed,3.5
O10663,22-04-2026,03:57,Kolkata,D1093,Mini,14.1,53,248.46,UPI,Completed,3.2
O10664,01-02-2026,11:05,Bengaluru,D1085,Auto,6.6,13,138.5,UPI,Completed,4.1
O10665,30-05-2026,00:33,Mumbai,D1004,Bike,27.7,39,285.38,Card,Completed,4.8
O10666,24-06-2026,21:07,Chennai,D1091,Auto,18.3,21,261.59,Wallet,Completed,3.2
O10667,27-04-2026,20:17,Jaipur,D1094,Auto,29.1,91,354.57,UPI,Completed,4.9
O10668,24-02-2026,01:51,Hyderabad,D1033,Auto,24.2,17,300.3,UPI,Completed,3.2
O10669,03-03-2026,12:05,Jaipur,D1016,Prime,6.1,20,209.75,Card,Completed,4.3
O10670,06-05-2026,13:47,Hyderabad,D1058,Sedan,5.2,18,210.73,Wallet,Completed,3.4
O10671,02-05-2026,08:36,Chennai,D1006,Mini,23.1,55,360.17,Card,Completed,3.9
O10672,29-04-2026,21:14,Mumbai,D1062,Bike,16.5,49,178.73,Card,Completed,3.9
O10673,08-02-2026,04:43,Hyderabad,D1066,Prime,16.4,26,415,Cash,Completed,4.8
O10674,11-05-2026,13:26,Delhi,D1099,Bike,20.3,80,229.3,Cash,Completed,4.2
O10675,30-01-2026,23:42,Kolkata,D1041,Prime,23.9,58,513.37,Wallet,Completed,4.4
O10676,21-06-2026,14:39,Hyderabad,D1078,Auto,29.1,111,324.1,Card,Completed,4.5
O10677,22-06-2026,03:27,Jaipur,D1085,Mini,12.8,8,205.62,Wallet,Completed,4.4
O10678,19-03-2026,19:52,Pune,D1003,Bike,24.4,19,213.96,UPI,Completed,3.2
O10679,07-01-2026,06:30,Mumbai,D1099,Prime,13.9,48,390.27,Wallet,Completed,3.2
O10680,07-02-2026,15:27,Jaipur,D1003,Mini,6.2,12,166.11,Wallet,Completed,4
O10681,30-05-2026,07:12,Hyderabad,D1092,Sedan,25.1,58,605.56,Wallet,Completed,4.3
O10682,17-04-2026,15:47,Hyderabad,D1063,Mini,15.4,39,260.73,UPI,Completed,4.9
O10683,16-01-2026,16:01,Chennai,D1015,Sedan,10.5,12,328.75,Wallet,Completed,4.8
O10684,09-06-2026,20:22,Kolkata,D1065,Bike,2.1,9,77.63,UPI,Completed,3.9
O10685,31-05-2026,21:21,Kolkata,D1087,Prime,26.7,100,610.4,Card,Cancelled,
O10686,01-05-2026,05:39,Bengaluru,D1078,Auto,21.2,19,278.69,Wallet,Completed,3.4
O10687,26-01-2026,13:31,Hyderabad,D1087,Prime,7.5,9,284.95,UPI,Completed,3.5
O10688,14-02-2026,16:02,Delhi,D1044,Auto,13.8,47,173.87,Card,Completed,4
O10689,12-01-2026,17:17,Mumbai,D1057,Sedan,18.7,21,523.45,Wallet,Cancelled,
O10690,29-01-2026,03:50,Delhi,D1047,Sedan,2.7,8,165.69,UPI,Completed,3.4
O10691,16-03-2026,22:28,Kolkata,D1057,Mini,5.9,19,134.22,Wallet,Completed,4.7
O10692,02-01-2026,07:53,Kolkata,D1047,Auto,9.7,13,122.97,UPI,Completed,4.5
O10693,08-02-2026,16:26,Bengaluru,D1067,Prime,24.4,60,583.46,Card,Cancelled,
O10694,08-01-2026,14:09,Jaipur,D1056,Sedan,28.4,18,691.68,Cash,Completed,4.5
O10695,11-04-2026,01:42,Mumbai,D1090,Sedan,3.1,12,230.09,Card,Completed,4.8
O10696,22-03-2026,11:00,Hyderabad,D1070,Sedan,18.9,26,527.02,Wallet,Completed,3.4
O10697,28-06-2026,11:56,Chennai,D1095,Prime,26.6,18,561.39,UPI,Completed,4.5
O10698,14-05-2026,17:18,Bengaluru,D1004,Mini,16.1,27,269.69,Card,Completed,3.3
O10699,03-03-2026,09:46,Chennai,D1016,Sedan,4.6,8,250.91,Cash,Completed,4
O10700,16-06-2026,03:28,Hyderabad,D1075,Sedan,22.5,66,573.73,UPI,Completed,4.5
O10701,31-03-2026,09:18,Mumbai,D1100,Bike,16.3,23,147.77,Card,Completed,3.4
O10702,27-04-2026,03:09,Chennai,D1010,Bike,3.8,8,70.14,Card,Completed,3.4
O10703,23-06-2026,16:25,Chennai,D1094,Auto,18.2,62,271.76,Wallet,Completed,4.9
O10704,11-02-2026,04:32,Mumbai,D1089,Bike,21.8,24,252.16,UPI,Completed,4.1
O10705,27-04-2026,15:02,Mumbai,D1074,Sedan,12,15,382.11,Card,Completed,3.2
O10706,11-01-2026,16:09,Delhi,D1019,Auto,10.2,31,143.23,Wallet,Completed,4.6
O10707,13-01-2026,09:56,Hyderabad,D1006,Prime,6.7,23,200.75,Wallet,Completed,3.1
O10708,04-05-2026,18:19,Kolkata,D1018,Auto,23.8,68,316.41,Wallet,Completed,3.3
O10709,26-04-2026,21:28,Mumbai,D1044,Auto,4,14,87.11,Cash,Cancelled,
O10710,21-06-2026,14:47,Hyderabad,D1040,Mini,26.2,98,356.14,Cash,Completed,4.5
O10711,14-06-2026,17:05,Bengaluru,D1061,Sedan,16.9,56,441.7,Cash,Completed,3.4
O10712,31-01-2026,21:59,Mumbai,D1057,Mini,9.3,14,168.77,Cash,Completed,4.8
O10713,17-05-2026,19:20,Chennai,D1068,Sedan,2.8,8,179.8,Card,Completed,3
O10714,08-04-2026,08:05,Delhi,D1040,Mini,16.9,26,252.88,Wallet,Completed,3.2
O10715,23-06-2026,05:03,Pune,D1042,Prime,2.3,8,142.26,Card,Completed,3.3
O10716,07-04-2026,03:03,Bengaluru,D1015,Prime,22.9,83,508.75,Card,Completed,4
O10717,16-01-2026,10:29,Chennai,D1003,Mini,15.3,34,267.95,Card,Cancelled,
O10718,22-05-2026,18:43,Delhi,D1011,Prime,23.2,91,552.56,UPI,Completed,3.8
O10719,06-02-2026,11:34,Mumbai,D1060,Prime,16.8,35,449.69,Card,Completed,3.1
O10720,17-06-2026,05:00,Jaipur,D1081,Bike,9.3,16,143.16,UPI,Completed,3.7
O10721,30-05-2026,16:18,Jaipur,D1018,Prime,22.6,80,491.7,Card,Completed,4.4
O10722,21-04-2026,06:39,Pune,D1027,Auto,19.6,65,235.11,Wallet,Completed,3.6
O10723,03-06-2026,10:01,Mumbai,D1090,Mini,18.9,8,329.9,Wallet,Completed,3.8
O10724,11-04-2026,17:05,Delhi,D1049,Sedan,2.4,10,179.16,Card,Completed,4.9
O10725,10-04-2026,05:53,Jaipur,D1036,Mini,14.7,20,247.52,Card,Completed,3
O10726,19-02-2026,02:52,Hyderabad,D1091,Prime,8.2,23,295.31,UPI,Completed,4
O10727,02-01-2026,06:52,Chennai,D1095,Mini,26.3,80,390.62,UPI,Completed,3.4
O10728,17-01-2026,18:08,Delhi,D1094,Prime,8.9,26,300.08,Card,Cancelled,
O10729,19-02-2026,21:01,Hyderabad,D1007,Sedan,26.7,8,699.65,Card,Completed,4.9
O10730,21-04-2026,13:17,Delhi,D1007,Sedan,14.8,31,432.21,Card,Completed,4.4
O10731,18-04-2026,17:28,Pune,D1095,Mini,12.7,29,198.13,UPI,Completed,3.1
O10732,26-06-2026,13:04,Bengaluru,D1056,Prime,6.2,17,196,Cash,Completed,3.1
O10733,01-06-2026,20:59,Pune,D1043,Auto,8.5,23,121.69,UPI,Completed,3.1
O10734,19-01-2026,19:39,Kolkata,D1041,Mini,19.3,23,277.59,Cash,Completed,3.1
O10735,02-02-2026,01:58,Kolkata,D1038,Mini,10.1,35,165.81,Wallet,Completed,4.1
O10736,13-04-2026,03:39,Chennai,D1055,Prime,26.1,92,593.48,Cash,Completed,3.9
O10737,28-03-2026,20:43,Jaipur,D1009,Bike,16.2,45,153.07,UPI,Completed,4.2
O10738,27-05-2026,04:40,Hyderabad,D1006,Auto,13.5,54,198.46,Cash,Completed,3.3
O10739,02-02-2026,09:37,Chennai,D1019,Sedan,28.9,104,703.04,UPI,Completed,4.1
O10740,01-05-2026,09:38,Pune,D1031,Auto,12,8,176.24,Cash,Completed,3.3
O10741,19-04-2026,11:12,Bengaluru,D1060,Prime,23.9,51,523.45,Card,Completed,4.4
O10742,29-05-2026,18:21,Hyderabad,D1029,Bike,10.9,14,129,Cash,Completed,3.1
O10743,13-06-2026,07:44,Bengaluru,D1095,Bike,19.3,38,198.05,Wallet,Completed,4.6
O10744,22-02-2026,12:11,Jaipur,D1025,Auto,1.8,9,40.1,Card,Completed,3.6
O10745,12-01-2026,00:12,Bengaluru,D1023,Auto,6.5,16,135.32,UPI,Completed,4.1
O10746,06-01-2026,05:53,Hyderabad,D1044,Mini,2.1,10,74.81,UPI,Completed,4.8
O10747,20-03-2026,14:15,Pune,D1056,Auto,20.3,75,291.4,Cash,Cancelled,
O10748,31-01-2026,04:56,Mumbai,D1082,Prime,7,20,254.6,UPI,Completed,3.9
O10749,12-01-2026,19:37,Bengaluru,D1017,Sedan,9.9,17,320.94,Wallet,Completed,4.6
O10750,23-02-2026,23:05,Kolkata,D1097,Sedan,3.3,12,193.17,Card,Cancelled,
O10751,08-05-2026,16:29,Mumbai,D1035,Auto,21.8,75,286.62,Wallet,Completed,4
O10752,13-06-2026,18:41,Jaipur,D1055,Prime,7.8,14,252.05,Wallet,Completed,3.4
O10753,27-05-2026,05:59,Pune,D1030,Auto,17.2,16,244.61,Cash,Completed,4
O10754,30-04-2026,16:39,Pune,D1049,Bike,14.4,35,153.83,Cash,Completed,3.6
O10755,15-02-2026,14:14,Hyderabad,D1011,Mini,11.7,13,201.02,Card,Completed,4.1
O10756,28-02-2026,03:07,Delhi,D1096,Auto,2.6,8,69.36,Card,Completed,3.5
O10757,18-02-2026,22:38,Mumbai,D1052,Sedan,27.5,9,703.91,Wallet,Completed,3.7
O10758,29-05-2026,20:00,Kolkata,D1027,Sedan,29.7,27,754.58,Wallet,Completed,4.4
O10759,01-03-2026,16:37,Kolkata,D1090,Bike,11.2,13,121.52,Wallet,Completed,4.5
O10760,23-02-2026,14:28,Jaipur,D1002,Auto,5.5,21,83.98,Wallet,Cancelled,
O10761,18-06-2026,11:21,Bengaluru,D1076,Bike,13.6,33,172.2,Cash,Completed,3.6
O10762,26-05-2026,01:59,Mumbai,D1074,Prime,29.4,50,648.97,Wallet,Completed,4.8
O10763,08-04-2026,06:25,Delhi,D1039,Sedan,12.5,38,357.6,Cash,Completed,3.9
O10764,13-02-2026,03:43,Mumbai,D1050,Mini,25.1,85,375.4,Card,Completed,3.1
O10765,22-02-2026,07:18,Delhi,D1051,Bike,3.1,12,35.57,UPI,Completed,4.8
O10766,29-01-2026,04:34,Chennai,D1027,Bike,22.7,57,258.46,Card,Completed,3.3
O10767,21-04-2026,22:42,Kolkata,D1036,Prime,18.7,47,457.72,UPI,Completed,4.4
O10768,02-01-2026,04:28,Delhi,D1063,Bike,18.7,39,196.41,Wallet,Cancelled,
O10769,29-04-2026,18:02,Delhi,D1051,Auto,19.9,66,243.27,UPI,Completed,4.6
O10770,17-04-2026,07:11,Chennai,D1006,Bike,12.5,50,122.84,UPI,Completed,3.8
O10771,10-02-2026,08:56,Hyderabad,D1016,Mini,21.4,35,360.41,Card,Completed,4.5
O10772,20-01-2026,03:32,Pune,D1082,Bike,14.4,24,139.72,Wallet,Completed,3.1
O10773,08-04-2026,10:47,Chennai,D1086,Prime,12.8,8,327.94,Wallet,Completed,3.3
O10774,05-05-2026,14:04,Delhi,D1022,Sedan,20.2,64,513.82,Cash,Completed,4.7
O10775,05-06-2026,03:11,Hyderabad,D1035,Mini,16.7,33,252.19,UPI,Completed,3
O10776,23-04-2026,11:11,Bengaluru,D1067,Mini,26.9,76,377.93,Cash,Completed,4.7
O10777,10-04-2026,22:19,Kolkata,D1048,Mini,18.5,14,316.07,UPI,Completed,4.9
O10778,21-02-2026,02:01,Chennai,D1013,Mini,29.7,51,453.84,UPI,Completed,3.1
O10779,12-02-2026,01:26,Delhi,D1051,Auto,10.7,20,170.73,Wallet,Cancelled,
O10780,31-01-2026,07:13,Delhi,D1059,Auto,10.7,8,155.15,UPI,Completed,3.8
O10781,17-01-2026,21:52,Hyderabad,D1064,Sedan,12,12,401.98,Cash,Completed,4.5
O10782,18-05-2026,18:10,Hyderabad,D1089,Mini,18.6,57,310.65,UPI,Cancelled,
O10783,27-03-2026,05:40,Pune,D1082,Bike,3.4,8,79.8,UPI,Completed,3.8
O10784,09-05-2026,18:45,Jaipur,D1080,Prime,2.1,8,139.42,Cash,Completed,4.5
O10785,16-01-2026,04:23,Kolkata,D1077,Auto,7.3,20,107.31,Wallet,Completed,4.8
O10786,26-03-2026,04:17,Pune,D1094,Mini,16.3,34,280.96,Card,Completed,3
O10787,29-03-2026,07:13,Jaipur,D1042,Prime,24.3,97,567.77,UPI,Completed,3.8
O10788,24-04-2026,20:00,Delhi,D1027,Bike,3.5,9,41.65,UPI,Cancelled,
O10789,24-01-2026,05:37,Bengaluru,D1032,Prime,16,35,418.75,Wallet,Completed,4.4
O10790,15-02-2026,19:15,Hyderabad,D1047,Auto,17.9,33,218.03,Wallet,Completed,3.2
O10791,07-04-2026,05:30,Kolkata,D1062,Bike,15.9,55,167.54,Cash,Completed,4.9
O10792,08-04-2026,13:54,Delhi,D1040,Auto,18.5,27,243.7,Wallet,Completed,3.8
O10793,14-03-2026,12:35,Kolkata,D1001,Mini,11,38,185.7,Cash,Cancelled,
O10794,09-05-2026,23:46,Pune,D1048,Bike,13,34,179.82,Wallet,Cancelled,
O10795,06-05-2026,09:41,Delhi,D1056,Bike,26.7,23,250.54,Card,Completed,3.4
O10796,31-03-2026,16:45,Kolkata,D1005,Auto,21.3,57,297.86,Card,Completed,3.5
O10797,11-06-2026,22:43,Jaipur,D1075,Prime,8.9,22,306.3,UPI,Completed,3.5
O10798,04-01-2026,03:49,Delhi,D1055,Bike,12.8,45,180.59,UPI,Completed,4.8
O10799,20-04-2026,08:44,Hyderabad,D1097,Sedan,29.1,92,744.07,Cash,Completed,4.5
O10800,28-01-2026,20:36,Pune,D1022,Prime,9.2,14,310.7,Wallet,Completed,3.6
O10801,01-01-2026,03:04,Chennai,D1091,Sedan,13.4,26,419.31,UPI,Completed,3.7
O10802,20-02-2026,15:11,Delhi,D1098,Bike,17.7,21,164.59,UPI,Completed,3.4
O10803,08-03-2026,13:28,Delhi,D1075,Prime,3.8,9,174.84,UPI,Completed,3.7
O10804,03-05-2026,15:43,Delhi,D1028,Mini,3.2,8,124.97,Cash,Completed,3.1
O10805,07-04-2026,19:33,Hyderabad,D1044,Bike,15,29,172.31,Card,Completed,4.4
O10806,03-03-2026,11:42,Chennai,D1090,Bike,18.9,53,222.32,Wallet,Completed,3
O10807,05-02-2026,00:38,Delhi,D1088,Sedan,9.5,30,342.6,Wallet,Completed,3.9
O10808,12-05-2026,13:42,Bengaluru,D1095,Mini,29.6,112,417.75,Card,Completed,4.7
O10809,23-06-2026,14:14,Kolkata,D1061,Bike,22.6,18,215.18,Cash,Cancelled,
O10810,09-04-2026,09:38,Bengaluru,D1064,Prime,26.3,81,608.34,Cash,Completed,3.1
O10811,19-03-2026,21:35,Kolkata,D1022,Prime,27,22,599.75,Cash,Completed,3.5
O10812,28-01-2026,13:45,Jaipur,D1033,Prime,28,49,647.19,Wallet,Completed,3.4
O10813,21-06-2026,03:42,Mumbai,D1074,Sedan,19.6,70,498.33,Cash,Completed,4.7
O10814,14-06-2026,10:24,Chennai,D1012,Sedan,29,63,736.59,Cash,Completed,3.2
O10815,23-01-2026,10:47,Bengaluru,D1074,Mini,17.8,24,313.33,Cash,Cancelled,
O10816,21-03-2026,01:37,Bengaluru,D1017,Bike,29.4,48,299.19,UPI,Completed,4.9
O10817,28-01-2026,12:00,Kolkata,D1077,Auto,5.6,12,134.61,Card,Completed,3.9
O10818,07-02-2026,23:42,Jaipur,D1091,Sedan,10.6,40,381.32,Wallet,Completed,5
O10819,11-06-2026,06:31,Hyderabad,D1029,Bike,3.2,10,46.29,Cash,Completed,4.7
O10820,15-02-2026,15:46,Chennai,D1051,Auto,29.6,92,379.87,Card,Completed,3
O10821,19-04-2026,21:30,Pune,D1090,Bike,12.6,41,161.67,Wallet,Completed,4.8
O10822,25-01-2026,04:20,Jaipur,D1019,Auto,14.5,18,205.4,UPI,Completed,4
O10823,25-02-2026,23:12,Jaipur,D1049,Auto,22.2,81,249.14,Wallet,Completed,4.7
O10824,23-06-2026,05:59,Jaipur,D1084,Mini,11.6,38,191.77,Card,Completed,5
O10825,01-06-2026,13:09,Chennai,D1023,Prime,2.5,8,152.77,Wallet,Completed,4.2
O10826,27-06-2026,21:42,Delhi,D1002,Bike,26.1,91,245.55,Cash,Completed,3.9
O10827,30-01-2026,02:07,Kolkata,D1096,Sedan,7.9,26,298.11,Cash,Completed,3.5
O10828,01-06-2026,05:24,Kolkata,D1069,Bike,10,16,96.96,UPI,Completed,4.8
O10829,14-04-2026,22:01,Chennai,D1092,Sedan,24.8,75,630.2,Cash,Completed,4.2
O10830,23-02-2026,21:57,Delhi,D1016,Prime,26.1,96,562.4,Cash,Completed,4.6
O10831,02-02-2026,18:13,Mumbai,D1039,Mini,17.5,62,302.71,Card,Completed,3.2
O10832,20-05-2026,05:27,Jaipur,D1089,Prime,10.1,26,307.94,Card,Completed,4.2
O10833,14-05-2026,11:38,Bengaluru,D1028,Mini,20.4,13,301.4,UPI,Completed,3.6
O10834,04-06-2026,17:13,Pune,D1084,Auto,5.2,17,101.54,UPI,Completed,3.5
O10835,13-04-2026,14:05,Hyderabad,D1082,Bike,28.3,26,273.91,UPI,Completed,4.5
O10836,06-04-2026,18:42,Mumbai,D1078,Bike,24.9,48,278.67,UPI,Completed,3.1
O10837,20-01-2026,08:07,Delhi,D1035,Sedan,13.1,29,406.81,UPI,Completed,3.7
O10838,27-02-2026,08:00,Delhi,D1023,Bike,29.4,36,271.7,Card,Completed,4.9
O10839,31-05-2026,15:06,Pune,D1041,Sedan,26.2,78,642.97,Wallet,Completed,3.1
O10840,16-02-2026,11:51,Chennai,D1017,Bike,18.4,41,157.86,UPI,Completed,3.3
O10841,07-04-2026,18:47,Hyderabad,D1078,Mini,27.7,89,440.61,Wallet,Completed,3.5
O10842,30-06-2026,14:11,Kolkata,D1067,Auto,24.3,72,283.08,UPI,Cancelled,
O10843,20-03-2026,20:54,Delhi,D1031,Auto,13.1,28,210.17,Cash,Completed,3.2
O10844,12-02-2026,18:03,Delhi,D1087,Auto,17.3,39,249.58,UPI,Completed,4.9
O10845,03-05-2026,15:32,Delhi,D1090,Bike,1.9,8,88.96,Card,Completed,4.4
O10846,04-03-2026,23:42,Jaipur,D1068,Sedan,14.3,18,433.22,UPI,Cancelled,
O10847,14-02-2026,02:23,Mumbai,D1015,Sedan,11.6,11,361.59,Card,Completed,3.7
O10848,23-06-2026,07:53,Delhi,D1051,Auto,10,26,138.53,UPI,Completed,4.3
O10849,20-03-2026,20:32,Jaipur,D1039,Bike,26.9,70,229.22,Card,Completed,3.9
O10850,28-01-2026,00:22,Mumbai,D1020,Bike,11.6,14,132.96,Wallet,Completed,4.1
O10851,01-02-2026,15:00,Mumbai,D1069,Auto,7.9,20,125.2,Card,Completed,4.8
O10852,28-01-2026,14:42,Kolkata,D1026,Prime,5.5,19,209.38,Cash,Completed,4.7
O10853,18-02-2026,09:02,Mumbai,D1062,Bike,13.5,29,181.07,Card,Completed,3.4
O10854,31-01-2026,13:31,Kolkata,D1050,Prime,10.8,33,309.53,UPI,Cancelled,
O10855,29-01-2026,03:50,Jaipur,D1044,Prime,5.9,8,239.92,Wallet,Completed,4.4
O10856,02-06-2026,23:00,Chennai,D1094,Bike,9.7,23,93.38,UPI,Completed,4.2
O10857,05-03-2026,08:49,Delhi,D1014,Auto,29.8,39,364.64,UPI,Completed,3.9
O10858,18-02-2026,18:40,Mumbai,D1019,Prime,4.9,14,170.89,Wallet,Cancelled,
O10859,05-01-2026,19:12,Delhi,D1044,Mini,12.3,41,209.05,Wallet,Completed,3.5
O10860,03-05-2026,01:32,Chennai,D1092,Mini,10.2,25,187.85,Wallet,Cancelled,
O10861,05-03-2026,10:57,Jaipur,D1036,Prime,2.7,8,174.83,Cash,Completed,3.6
O10862,21-04-2026,05:16,Kolkata,D1017,Auto,11,15,136.78,Card,Completed,4.1
O10863,03-04-2026,23:51,Pune,D1012,Sedan,16.6,31,448.68,Cash,Completed,4.2
O10864,03-02-2026,20:47,Delhi,D1070,Mini,18.2,32,271.9,Card,Completed,3.2
O10865,19-03-2026,23:30,Bengaluru,D1098,Sedan,22,13,548.95,Card,Completed,4.4
O10866,04-04-2026,14:40,Delhi,D1003,Bike,3.4,11,73.86,UPI,Cancelled,
O10867,03-06-2026,08:44,Mumbai,D1051,Auto,2.8,8,103.61,Wallet,Completed,4.5
O10868,25-06-2026,17:55,Delhi,D1035,Prime,14,40,358.89,UPI,Completed,3.8
O10869,17-02-2026,00:10,Bengaluru,D1039,Sedan,21.4,73,559.88,UPI,Completed,4.1
O10870,17-03-2026,22:17,Delhi,D1036,Prime,7.9,25,238.88,UPI,Completed,3.3
O10871,11-03-2026,01:41,Bengaluru,D1042,Prime,16.7,8,426.01,Cash,Completed,4.9
O10872,30-06-2026,17:16,Mumbai,D1046,Bike,27.1,45,249.52,UPI,Completed,4.6
O10873,13-03-2026,05:16,Jaipur,D1033,Sedan,20.2,21,554.58,UPI,Completed,4.9
O10874,24-04-2026,07:20,Hyderabad,D1048,Prime,18.1,58,416.69,UPI,Completed,4.5
O10875,03-05-2026,02:31,Mumbai,D1083,Bike,6.8,13,77.62,Card,Completed,4.5
O10876,06-01-2026,09:10,Mumbai,D1083,Bike,21.1,32,183.66,Wallet,Completed,3.5
O10877,26-01-2026,23:33,Mumbai,D1083,Mini,18.7,56,291.28,Cash,Completed,3
O10878,03-02-2026,07:49,Delhi,D1014,Auto,5.6,18,117.97,Card,Completed,3
O10879,22-01-2026,06:08,Kolkata,D1070,Sedan,26.9,28,659.52,Card,Completed,3.5
O10880,10-06-2026,17:07,Jaipur,D1054,Mini,4.4,12,99.98,UPI,Cancelled,
O10881,01-01-2026,07:01,Bengaluru,D1050,Bike,12.5,30,155.88,Cash,Completed,4.8
O10882,06-05-2026,05:07,Bengaluru,D1011,Mini,28.8,44,410.61,Cash,Completed,3.2
O10883,04-06-2026,04:11,Chennai,D1039,Sedan,11,19,367.56,Card,Completed,4.3
O10884,31-03-2026,03:17,Kolkata,D1020,Auto,28.1,111,364.49,UPI,Completed,4.6
O10885,23-03-2026,04:24,Kolkata,D1036,Bike,24.7,22,248.05,UPI,Cancelled,
O10886,24-01-2026,10:08,Mumbai,D1082,Bike,11.5,39,131.67,Card,Completed,3.8
O10887,05-02-2026,20:58,Bengaluru,D1030,Bike,13.4,39,154.91,Wallet,Completed,4.1
O10888,22-01-2026,18:45,Chennai,D1003,Sedan,18,36,509.22,Card,Completed,3
O10889,23-05-2026,15:08,Delhi,D1038,Mini,27.5,54,429.41,Wallet,Completed,4.6
O10890,06-02-2026,17:59,Chennai,D1091,Prime,7.5,15,218.91,UPI,Completed,4.9
O10891,07-04-2026,23:01,Chennai,D1021,Auto,3,8,96.39,Cash,Completed,4.7
O10892,07-02-2026,11:09,Delhi,D1061,Prime,3.7,12,204.77,UPI,Completed,4.5
O10893,16-05-2026,22:19,Kolkata,D1020,Bike,22.1,64,241.5,Cash,Completed,3.6
O10894,14-06-2026,01:38,Mumbai,D1071,Sedan,6.1,20,280.29,Card,Completed,4.8
O10895,27-05-2026,16:19,Bengaluru,D1017,Bike,28,42,302.12,UPI,Completed,5
O10896,13-04-2026,19:03,Bengaluru,D1062,Bike,6.7,25,105.96,Card,Completed,4.4
O10897,17-06-2026,20:25,Chennai,D1010,Prime,3.1,10,181.07,Card,Completed,3.2
O10898,04-06-2026,10:01,Bengaluru,D1040,Auto,6.1,11,85.57,UPI,Completed,4.5
O10899,22-05-2026,06:40,Jaipur,D1006,Prime,9.2,26,285.14,Cash,Completed,4.6
O10900,22-03-2026,02:19,Jaipur,D1046,Auto,22.9,58,284.02,UPI,Completed,3.8
O10901,29-06-2026,21:06,Pune,D1076,Bike,27.1,72,233.87,Wallet,Completed,3.3
O10902,03-05-2026,18:55,Jaipur,D1030,Auto,6.1,22,86.51,UPI,Completed,4.9
O10903,24-06-2026,20:09,Mumbai,D1058,Sedan,16.2,54,466.61,UPI,Completed,4.5
O10904,28-03-2026,09:23,Chennai,D1078,Mini,26.9,107,410.6,Cash,Completed,5
O10905,09-02-2026,18:40,Kolkata,D1012,Mini,24.4,26,386.44,Wallet,Completed,4.7
O10906,25-01-2026,14:20,Mumbai,D1091,Auto,6.1,16,121.36,Wallet,Completed,3.1
O10907,08-03-2026,15:16,Kolkata,D1053,Prime,28.3,80,623.58,UPI,Completed,3.6
O10908,23-04-2026,11:32,Pune,D1088,Auto,3.9,14,94.42,Cash,Completed,4.8
O10909,08-06-2026,20:03,Bengaluru,D1010,Sedan,1.7,8,154.35,UPI,Completed,3.8
O10910,10-04-2026,14:42,Delhi,D1024,Auto,14.8,49,205.46,Cash,Completed,3.2
O10911,12-04-2026,13:12,Chennai,D1061,Auto,3.3,10,122.75,Cash,Completed,4.4
O10912,13-03-2026,14:02,Mumbai,D1049,Bike,5.6,11,77.21,Cash,Completed,4.2
O10913,03-04-2026,13:30,Bengaluru,D1082,Mini,7.5,8,196.69,UPI,Completed,3.5
O10914,22-01-2026,04:04,Hyderabad,D1034,Bike,3.8,15,101.39,UPI,Completed,4.3
O10915,14-01-2026,02:57,Chennai,D1061,Auto,29,46,321.52,UPI,Completed,3.8
O10916,28-06-2026,13:22,Chennai,D1079,Mini,17.5,65,291.8,UPI,Completed,4.3
O10917,24-03-2026,21:52,Pune,D1087,Mini,5.8,22,174.97,Wallet,Completed,3.6
O10918,09-03-2026,16:46,Jaipur,D1005,Bike,28.4,24,281.6,UPI,Completed,4.2
O10919,18-02-2026,13:44,Mumbai,D1002,Sedan,12.3,30,360.68,Card,Completed,4.4
O10920,04-04-2026,00:19,Hyderabad,D1053,Sedan,24.8,23,644.95,Card,Completed,3.9
O10921,01-04-2026,17:27,Pune,D1070,Mini,27.9,66,404.79,Wallet,Completed,4.2
O10922,08-04-2026,09:54,Chennai,D1084,Auto,21.5,20,304.68,Cash,Completed,3.2
O10923,07-06-2026,13:06,Kolkata,D1086,Sedan,27.9,20,702.35,Card,Completed,4.6
O10924,18-04-2026,06:14,Kolkata,D1045,Sedan,12.4,20,407.94,Wallet,Cancelled,
O10925,16-04-2026,20:45,Chennai,D1034,Mini,28.3,108,395.28,Card,Completed,4.8
O10926,17-04-2026,21:15,Jaipur,D1095,Bike,2.4,8,39.94,Card,Completed,4.6
O10927,27-03-2026,05:36,Chennai,D1074,Prime,17.3,33,404.89,Wallet,Completed,4.7
O10928,02-02-2026,20:24,Mumbai,D1017,Bike,27.3,74,239.49,Cash,Completed,4.4
O10929,11-06-2026,18:50,Chennai,D1056,Auto,25.4,28,340.41,Cash,Completed,3.2
O10930,10-06-2026,18:09,Jaipur,D1059,Sedan,21.7,18,574.03,Card,Completed,4.5
O10931,17-02-2026,07:41,Bengaluru,D1034,Auto,7,15,140.84,Cash,Completed,3.8
O10932,12-03-2026,02:59,Mumbai,D1016,Mini,19.7,21,284.17,Cash,Cancelled,
O10933,06-02-2026,09:16,Mumbai,D1063,Mini,3.7,14,109.7,Cash,Completed,3.8
O10934,16-04-2026,02:31,Delhi,D1021,Prime,21.1,56,522.08,UPI,Completed,3.9
O10935,18-03-2026,00:57,Mumbai,D1079,Sedan,19.5,12,498.2,Cash,Completed,3.7
O10936,10-02-2026,16:47,Hyderabad,D1028,Mini,7,8,161.52,Card,Completed,4.5
O10937,30-01-2026,06:01,Pune,D1026,Prime,7.8,31,268.81,Cash,Completed,3.5
O10938,31-03-2026,22:35,Hyderabad,D1025,Bike,22.7,71,222.12,Card,Cancelled,
O10939,14-02-2026,06:43,Hyderabad,D1063,Bike,4.4,17,67.01,Wallet,Completed,4.9
O10940,25-04-2026,13:38,Hyderabad,D1081,Auto,19.3,57,243.05,Cash,Completed,3.7
O10941,26-04-2026,05:56,Jaipur,D1068,Sedan,8.7,21,294.54,Card,Completed,4.3
O10942,12-04-2026,00:07,Mumbai,D1048,Auto,13.7,19,182.04,UPI,Completed,4.3
O10943,22-03-2026,03:00,Pune,D1072,Mini,21.9,35,335.38,Cash,Completed,4.8
O10944,09-04-2026,09:38,Bengaluru,D1086,Sedan,7.7,25,273.46,Cash,Completed,4.8
O10945,27-05-2026,20:26,Chennai,D1036,Auto,24.7,33,280.8,Wallet,Completed,4
O10946,31-01-2026,03:28,Mumbai,D1074,Sedan,10.8,32,332.55,Cash,Completed,3
O10947,29-04-2026,09:08,Chennai,D1013,Mini,27,75,366.74,Wallet,Completed,3.1
O10948,19-03-2026,08:20,Pune,D1059,Bike,3.8,13,74.97,Wallet,Completed,3.6
O10949,14-06-2026,03:53,Pune,D1042,Sedan,4.4,11,191.35,Wallet,Completed,3.2
O10950,27-02-2026,05:05,Bengaluru,D1007,Auto,24.8,76,337.27,Card,Cancelled,
O10951,12-01-2026,03:03,Hyderabad,D1022,Mini,9,30,190.89,UPI,Completed,3.5
O10952,30-05-2026,14:07,Mumbai,D1082,Auto,26.1,104,321.89,Wallet,Completed,4.8
O10953,21-06-2026,03:33,Bengaluru,D1029,Sedan,15.1,39,470.34,Cash,Completed,4.5
O10954,09-03-2026,09:45,Delhi,D1089,Auto,17.4,63,210.97,Cash,Completed,4.7
O10955,20-01-2026,15:03,Bengaluru,D1027,Mini,20.6,67,344.5,Card,Completed,3.2
O10956,21-03-2026,22:29,Mumbai,D1080,Sedan,4.5,10,205.31,UPI,Completed,5
O10957,13-04-2026,06:04,Hyderabad,D1060,Bike,6.2,17,126.2,Cash,Completed,3.2
O10958,29-01-2026,07:01,Kolkata,D1071,Prime,9.1,23,290.13,Cash,Completed,3.5
O10959,01-04-2026,13:13,Mumbai,D1007,Bike,15.8,40,159.76,Wallet,Completed,3.7
O10960,19-04-2026,06:18,Bengaluru,D1088,Bike,6.5,16,99.07,Cash,Completed,3.9
O10961,15-06-2026,07:07,Bengaluru,D1036,Mini,3,8,116.27,UPI,Completed,4.1
O10962,08-06-2026,22:45,Chennai,D1027,Bike,12.7,22,162.97,UPI,Completed,3.5
O10963,22-02-2026,11:40,Hyderabad,D1062,Sedan,9.7,8,300.6,Card,Completed,4.4
O10964,26-06-2026,07:10,Pune,D1061,Mini,6.2,18,177.39,Wallet,Completed,3
O10965,27-03-2026,00:11,Hyderabad,D1075,Mini,6.4,8,158.38,Cash,Cancelled,
O10966,06-05-2026,07:30,Delhi,D1065,Mini,24.8,80,385.2,UPI,Completed,3.5
O10967,07-02-2026,03:06,Hyderabad,D1033,Auto,14.4,55,188.55,Card,Completed,4.3
O10968,28-04-2026,00:52,Pune,D1077,Auto,21.7,74,291.22,Wallet,Completed,4.8
O10969,29-01-2026,08:43,Jaipur,D1046,Prime,29.4,117,624.62,Wallet,Cancelled,
O10970,08-01-2026,07:36,Chennai,D1082,Auto,7.4,10,107.57,Cash,Cancelled,
O10971,12-03-2026,20:43,Kolkata,D1036,Sedan,6.5,19,292.16,Card,Completed,3.8
O10972,18-02-2026,01:37,Pune,D1045,Sedan,5,20,231.85,Card,Cancelled,
O10973,29-01-2026,00:31,Mumbai,D1039,Bike,20.9,74,244.87,Wallet,Completed,4.3
O10974,15-03-2026,02:51,Hyderabad,D1040,Mini,14.4,21,232.61,Cash,Completed,3.1
O10975,21-04-2026,11:42,Jaipur,D1099,Mini,8.7,19,205.91,UPI,Completed,4
O10976,23-01-2026,22:17,Mumbai,D1032,Prime,13.8,13,348.76,Wallet,Completed,4.9
O10977,19-04-2026,12:57,Delhi,D1042,Auto,27.7,84,318.75,UPI,Completed,4.4
O10978,24-06-2026,06:16,Mumbai,D1060,Bike,17.3,27,169.75,UPI,Completed,4.9
O10979,07-04-2026,13:06,Mumbai,D1046,Sedan,14.1,28,417.27,Wallet,Completed,3.7
O10980,30-04-2026,13:26,Kolkata,D1079,Mini,27.5,11,437.02,Card,Completed,4.5
O10981,04-03-2026,18:32,Pune,D1086,Prime,19.2,45,429.35,Cash,Completed,3.3
O10982,29-04-2026,16:29,Jaipur,D1062,Mini,3.1,8,100.54,Card,Completed,3.6
O10983,16-01-2026,03:47,Jaipur,D1087,Prime,16.2,43,423.43,UPI,Completed,3.4
O10984,19-03-2026,20:19,Jaipur,D1016,Bike,19.3,33,172.43,Cash,Completed,4.2
O10985,05-03-2026,06:06,Kolkata,D1039,Mini,25.2,64,369.75,Wallet,Cancelled,
O10986,04-05-2026,05:52,Bengaluru,D1056,Sedan,8.9,27,325.69,UPI,Completed,4.2
O10987,12-06-2026,00:11,Mumbai,D1013,Prime,6.4,25,209.22,Wallet,Completed,3.6
O10988,05-04-2026,21:17,Chennai,D1037,Bike,21.4,21,213.68,Wallet,Completed,3.3
O10989,31-01-2026,18:24,Jaipur,D1018,Sedan,10.1,36,304.98,Wallet,Cancelled,
O10990,28-04-2026,08:00,Mumbai,D1050,Auto,15.8,63,213.22,Cash,Completed,4.4
O10991,14-02-2026,20:09,Pune,D1051,Sedan,11.2,16,343.48,Cash,Completed,3.6
O10992,15-06-2026,15:24,Kolkata,D1034,Sedan,20.3,81,555.6,UPI,Completed,4.3
O10993,28-06-2026,10:37,Pune,D1030,Sedan,19.1,59,486.73,Cash,Completed,4.5
O10994,20-06-2026,03:31,Kolkata,D1094,Auto,23.2,38,259.38,Wallet,Cancelled,
O10995,18-04-2026,02:03,Hyderabad,D1004,Mini,2.6,10,76.3,UPI,Completed,4.2
O10996,24-03-2026,03:44,Kolkata,D1057,Bike,5.3,18,92.56,Card,Completed,3.5
O10997,27-02-2026,06:47,Mumbai,D1013,Bike,24.7,32,213.62,UPI,Completed,4.9
O10998,09-01-2026,04:57,Jaipur,D1094,Auto,23.6,80,294.26,Wallet,Completed,3.4
O10999,18-02-2026,06:36,Kolkata,D1081,Sedan,11.5,43,389.74,Wallet,Completed,3.9
O11000,19-01-2026,18:05,Mumbai,D1003,Sedan,10,15,334.91,UPI,Completed,4.1
